URL,Laatst gecrawld
https://www.begraafplaatsindebuurt.nl/gemeente/langerak,2025-12-16
https://www.begraafplaatsindebuurt.nl/gemeente/aldeboarn,2025-12-16
https://www.begraafplaatsindebuurt.nl/begraafplaats/wezep-begraafplaats-wezep,2025-12-16
https://www.begraafplaatsindebuurt.nl/begraafplaats/kerkhof-heerlen,2025-12-16
https://www.begraafplaatsindebuurt.nl/begraafplaats/algemene-begraafplaats-odijk-odijk,2025-12-16
https://www.begraafplaatsindebuurt.nl/begraafplaats/begraafplaats-zuidhollandsedijk-kaatsheuvel,2025-12-16
https://www.begraafplaatsindebuurt.nl/begraafplaats/kens-begraafplek-alphen,2025-12-15
https://www.begraafplaatsindebuurt.nl/begraafplaats/begraafplaats-doodenzorg-enschede,2025-12-15
https://www.begraafplaatsindebuurt.nl/gemeente/pernis,2025-12-15
https://www.begraafplaatsindebuurt.nl/gemeente/westmaas,2025-12-15
https://www.begraafplaatsindebuurt.nl/begraafplaats/algemene-begraafplaats-groenewoud-te-cothen-cothen,2025-12-15
https://www.begraafplaatsindebuurt.nl/begraafplaats/begraafplaats-hoogblokland,2025-12-15
https://www.begraafplaatsindebuurt.nl/begraafplaats/historische-begraafplaats-diepenveen-diepenveen,2025-12-15
https://www.begraafplaatsindebuurt.nl/gemeente/sint-jansklooster,2025-12-15
https://www.begraafplaatsindebuurt.nl/begraafplaats/begraafplaats-nuland-sint-jans-onthoofdingskerk-nuland,2025-12-15
https://www.begraafplaatsindebuurt.nl/begraafplaats/oorlogsgraven-en-nationale-begraafplaats-damw-ld,2025-12-15
https://www.begraafplaatsindebuurt.nl/begraafplaats/begraafplaats-protestantse-gemeente-hummelo-hummelo,2025-12-15
https://www.begraafplaatsindebuurt.nl/gemeente/woerden,2025-12-15
https://www.begraafplaatsindebuurt.nl/gemeente/arrien,2025-12-15
https://www.begraafplaatsindebuurt.nl/begraafplaats/r-k-begraafplaats-epe,2025-12-15
https://www.begraafplaatsindebuurt.nl/begraafplaats/cemetery-aldw-ld,2025-12-15
https://www.begraafplaatsindebuurt.nl/gemeente/rinsumageest,2025-12-15
https://www.begraafplaatsindebuurt.nl/begraafplaats/dela-het-zeeuwse-land-crematorium-en-uitvaartcentrum-in-goes-goes,2025-12-15
https://www.begraafplaatsindebuurt.nl/begraafplaats/protestantse-begraafplaats-kruisland-kruisland,2025-12-15
https://www.begraafplaatsindebuurt.nl/gemeente/marsum,2025-12-15
https://www.begraafplaatsindebuurt.nl/begraafplaats/oude-algemene-begraafplaats-coevorden-coevorden,2025-12-15
https://www.begraafplaatsindebuurt.nl/begraafplaats/cemetery-serooskerke,2025-12-15
https://www.begraafplaatsindebuurt.nl/begraafplaats/grafmonument-van-de-familie-van-der-does-de-willebois-s-hertogenbosch,2025-12-15
https://www.begraafplaatsindebuurt.nl/begraafplaats/begraafplaats-bergambacht,2025-12-15
https://www.begraafplaatsindebuurt.nl/begraafplaats/katholieke-begraafplaats-buren-buren,2025-12-15
https://www.begraafplaatsindebuurt.nl/begraafplaats/begraafplaats-maasdijk,2025-12-15
https://www.begraafplaatsindebuurt.nl/gemeente/wirdum,2025-12-15
https://www.begraafplaatsindebuurt.nl/begraafplaats/cemetery-terneuzen,2025-12-15
https://www.begraafplaatsindebuurt.nl/begraafplaats/crematorium-alphen-aan-den-rijn-alphen-aan-den-rijn,2025-12-15
https://www.begraafplaatsindebuurt.nl/gemeente/mander,2025-12-15
https://www.begraafplaatsindebuurt.nl/begraafplaats/begraafplaats-niekerk-oldekerk-niekerk,2025-12-15
https://www.begraafplaatsindebuurt.nl/begraafplaats/dela-beukenhof-crematorium-uitvaartcentrum-begraafplaats-in-schiedam-schiedam,2025-12-15
https://www.begraafplaatsindebuurt.nl/begraafplaats/begraafplaats-muyeweg-nieuwerkerk-nieuwerkerk,2025-12-15
https://www.begraafplaatsindebuurt.nl/gemeente/2e-exloermond,2025-12-15
https://www.begraafplaatsindebuurt.nl/begraafplaats/jewish-cemetery-meppel,2025-12-15
https://www.begraafplaatsindebuurt.nl/begraafplaats/gemeentelijke-begraafplaats-soerenseweg-apeldoorn,2025-12-15
https://www.begraafplaatsindebuurt.nl/gemeente/polsbroek,2025-12-15
https://www.begraafplaatsindebuurt.nl/gemeente/poeldijk,2025-12-15
https://www.begraafplaatsindebuurt.nl/gemeente/abbenbroek,2025-12-15
https://www.begraafplaatsindebuurt.nl/begraafplaats/crematorium-amersfoort-leusden-leusden,2025-12-15
https://www.begraafplaatsindebuurt.nl/begraafplaats/begraafplaats-nederlands-hervormde-kerk-standdaarbuiten-standdaarbuiten,2025-12-15
https://www.begraafplaatsindebuurt.nl/gemeente/odijk,2025-12-15
https://www.begraafplaatsindebuurt.nl/begraafplaats/r-k-begraafplaats-de-meern-utrecht,2025-12-15
https://www.begraafplaatsindebuurt.nl/begraafplaats/begraafplaats-van-de-parochie-h-willibrordus-hooge-zwaluwe,2025-12-15
https://www.begraafplaatsindebuurt.nl/gemeente/ledeacker,2025-12-15
https://www.begraafplaatsindebuurt.nl/begraafplaats/stichting-oude-begraafplaatsen-deventer-deventer,2025-12-15
https://www.begraafplaatsindebuurt.nl/begraafplaats/stichting-het-kerkhof-op-morren-noordeinde,2025-12-15
https://www.begraafplaatsindebuurt.nl/begraafplaats/joodse-begraafplaats-beverwijk-beverwijk,2025-12-15
https://www.begraafplaatsindebuurt.nl/begraafplaats/begraafplaats-rhijnhof-leiden,2025-12-15
https://www.begraafplaatsindebuurt.nl/begraafplaats/begraafplaats-t-groenedael-almelo,2025-12-15
https://www.begraafplaatsindebuurt.nl/begraafplaats/den-hollandsche-gedenktekens-grafmonumenten-grafstenen-rotterdam,2025-12-15
https://www.begraafplaatsindebuurt.nl/begraafplaats/budget-crematie-groningen-groningen,2025-12-15
https://www.begraafplaatsindebuurt.nl/begraafplaats/hervormde-begraafplaats-dussen-dussen,2025-12-15
https://www.begraafplaatsindebuurt.nl/begraafplaats/sint-petrus-kerkhof-boxtel,2025-12-15
https://www.begraafplaatsindebuurt.nl/begraafplaats/begraafplaats-oudewater-oudewater,2025-12-15
https://www.begraafplaatsindebuurt.nl/begraafplaats/dela-aan-de-vaan-crematorium-in-rotterdam-rotterdam,2025-12-15
https://www.begraafplaatsindebuurt.nl/gemeente/heinenoord,2025-12-15
https://www.begraafplaatsindebuurt.nl/gemeente/brielle,2025-12-15
https://www.begraafplaatsindebuurt.nl/begraafplaats/algemene-begraafplaats-roosendaal-roosendaal,2025-12-15
https://www.begraafplaatsindebuurt.nl/begraafplaats/kerkhof-n-h-kerk-noordeloos,2025-12-15
https://www.begraafplaatsindebuurt.nl/begraafplaats/reijnen-grafmonumenten-born,2025-12-15
https://www.begraafplaatsindebuurt.nl/begraafplaats/stichting-rooms-katholieke-begraafplaats-almelo-almelo,2025-12-15
https://www.begraafplaatsindebuurt.nl/begraafplaats/begraafplaats-t-goy,2025-12-15
https://www.begraafplaatsindebuurt.nl/begraafplaats/cemetery-ijsselstein,2025-12-15
https://www.begraafplaatsindebuurt.nl/begraafplaats/begrafenisvereniging-de-laatste-groet-alteveer,2025-12-15
https://www.begraafplaatsindebuurt.nl/gemeente/sint-odiliënberg,2025-12-15
https://www.begraafplaatsindebuurt.nl/begraafplaats/r-k-kerkhof-h-martinus-cuijk,2025-12-15
https://www.begraafplaatsindebuurt.nl/begraafplaats/informatiecentrum-canadese-begraafplaats-holten,2025-12-15
https://www.begraafplaatsindebuurt.nl/gemeente/heerjansdam,2025-12-15
https://www.begraafplaatsindebuurt.nl/gemeente/huizinge,2025-12-15
https://www.begraafplaatsindebuurt.nl/gemeente/krewerd,2025-12-15
https://www.begraafplaatsindebuurt.nl/begraafplaats/erebegraafplaats-bloemendaal,2025-12-15
https://www.begraafplaatsindebuurt.nl/begraafplaats/cemetery-oisterwijk,2025-12-15
https://www.begraafplaatsindebuurt.nl/gemeente/reeuwijk,2025-12-15
https://www.begraafplaatsindebuurt.nl/begraafplaats/het-oude-woensdrechtse-kerkhof-woensdrecht,2025-12-15
https://www.begraafplaatsindebuurt.nl/begraafplaats/r-k-begraafplaats-moergestel-moergestel,2025-12-15
https://www.begraafplaatsindebuurt.nl/begraafplaats/begrafenis-crematieverzorging-j-ae-de-boer-zn-sneek,2025-12-15
https://www.begraafplaatsindebuurt.nl/begraafplaats/maatschap-g-p-m-kerkhof-kerkhof-van-bakel-en-kerkhof-erp,2025-12-15
https://www.begraafplaatsindebuurt.nl/begraafplaats/cemetery-maastricht,2025-12-15
https://www.begraafplaatsindebuurt.nl/begraafplaats/begraafplaats-waalre,2025-12-15
https://www.begraafplaatsindebuurt.nl/begraafplaats/hondenbegraafplaats-wassenaar,2025-12-15
https://www.begraafplaatsindebuurt.nl/begraafplaats/begraafplaats-scholtensdijk-hardenberg,2025-12-15
https://www.begraafplaatsindebuurt.nl/begraafplaats/begraafplaats-algemene-begraafplaats-zoelen-en-kerk-avezaath-zoelen,2025-12-15
https://www.begraafplaatsindebuurt.nl/begraafplaats/begrafenisvereniging-haarle-haarle,2025-12-15
https://www.begraafplaatsindebuurt.nl/begraafplaats/joodse-begraafplaats-bolsward-bolsward,2025-12-15
https://www.begraafplaatsindebuurt.nl/begraafplaats/prot-begraafplaats-utrecht,2025-12-15
https://www.begraafplaatsindebuurt.nl/begraafplaats/uitvaartverzorging-aakhri-bidaai-den-haag,2025-12-15
https://www.begraafplaatsindebuurt.nl/begraafplaats/schoenmakerij-l-a-kerkhof-utrecht,2025-12-15
https://www.begraafplaatsindebuurt.nl/gemeente/kollumersweach,2025-12-14
https://www.begraafplaatsindebuurt.nl/gemeente/stellendam,2025-12-14
https://www.begraafplaatsindebuurt.nl/begraafplaats/oude-joodse-begraafplaats-winschoten,2025-12-14
https://www.begraafplaatsindebuurt.nl/begraafplaats/cemetery-westervoort,2025-12-14
https://www.begraafplaatsindebuurt.nl/gemeente/zwijndrecht,2025-12-14
https://www.begraafplaatsindebuurt.nl/begraafplaats/stichting-protestantse-begraafplaatsen-in-de-kempen-bladel,2025-12-14
https://www.begraafplaatsindebuurt.nl/begraafplaats/r-k-begraafplaats-st-barbara-zierikzee,2025-12-14
https://www.begraafplaatsindebuurt.nl/gemeente/vreeswijk,2025-12-14
https://www.begraafplaatsindebuurt.nl/begraafplaats/algemene-begraafplaats-van-schoondijke-schoondijke,2025-12-14
https://www.begraafplaatsindebuurt.nl/begraafplaats/crematorium-en-begraafplaatsen-almere-almere,2025-12-14
https://www.begraafplaatsindebuurt.nl/begraafplaats/begraafplaats-slingehof-drachten,2025-12-14
https://www.begraafplaatsindebuurt.nl/begraafplaats/cemetery-simpelveld,2025-12-14
https://www.begraafplaatsindebuurt.nl/gemeente/loenersloot,2025-12-14
https://www.begraafplaatsindebuurt.nl/begraafplaats/cemetery-waalwijk,2025-12-14
https://www.begraafplaatsindebuurt.nl/begraafplaats/begraafplaats-etten-leur,2025-12-14
https://www.begraafplaatsindebuurt.nl/begraafplaats/dela-den-en-rust-crematorium-uitvaartcentrum-en-natuur-begraafplaats-in-bilthoven-bilthoven,2025-12-14
https://www.begraafplaatsindebuurt.nl/begraafplaats/huisdierenbegraafplaats-medenstein-echteld,2025-12-14
https://www.begraafplaatsindebuurt.nl/begraafplaats/begraafplaats-ijsseldijk-krimpen-aan-den-ijssel,2025-12-14
https://www.begraafplaatsindebuurt.nl/begraafplaats/begraafplaats-bovenheigraaf-wezep,2025-12-14
https://www.begraafplaatsindebuurt.nl/begraafplaats/cemetery-tilburg,2025-12-14
https://www.begraafplaatsindebuurt.nl/begraafplaats/cemetery-tiel,2025-12-14
https://www.begraafplaatsindebuurt.nl/plaats/valkkoog-st.-maarten,2025-12-14
https://www.begraafplaatsindebuurt.nl/gemeente/vinkenbuurt,2025-12-14
https://www.begraafplaatsindebuurt.nl/begraafplaats/rk-begraafplaats-schoonhoven-schoonhoven,2025-12-14
https://www.begraafplaatsindebuurt.nl/begraafplaats/cemetery-cuijk,2025-12-14
https://www.begraafplaatsindebuurt.nl/begraafplaats/stichting-begraafplaatsen-olde-en-nijeberkoop-oldeberkoop,2025-12-14
https://www.begraafplaatsindebuurt.nl/begraafplaats/cemetery-zuidland,2025-12-14
https://www.begraafplaatsindebuurt.nl/begraafplaats/grafkapel-geradts-regout-posterholt,2025-12-14
https://www.begraafplaatsindebuurt.nl/plaats/st.-isidorushoeve,2025-12-14
https://www.begraafplaatsindebuurt.nl/begraafplaats/begraafplaats-oostersehof-appelscha,2025-12-14
https://www.begraafplaatsindebuurt.nl/gemeente/aldw-ld,2025-12-14
https://www.begraafplaatsindebuurt.nl/begraafplaats/cemetery-sintjohannesga,2025-12-14
https://www.begraafplaatsindebuurt.nl/begraafplaats/stichting-begraafplaats-wyns-wyns,2025-12-14
"https://www.begraafplaatsindebuurt.nl/plaats/menkeweer,-onderdendam",2025-12-14
https://www.begraafplaatsindebuurt.nl/begraafplaats/gemeentelijke-begraafplaats-nieuwe-pekela-nieuwe-pekela,2025-12-14
https://www.begraafplaatsindebuurt.nl/begraafplaats/cemetery-stadskanaal,2025-12-14
https://www.begraafplaatsindebuurt.nl/begraafplaats/cemetery-gorinchem,2025-12-14
https://www.begraafplaatsindebuurt.nl/begraafplaats/cemetery-jubbega,2025-12-14
https://www.begraafplaatsindebuurt.nl/begraafplaats/begrafenisonderneming-hobo-veen,2025-12-13
https://www.begraafplaatsindebuurt.nl/gemeente/t-zandt,2025-12-13
https://www.begraafplaatsindebuurt.nl/begraafplaats/begraafplaats-heiderust-rheden,2025-12-13
https://www.begraafplaatsindebuurt.nl/begraafplaats/rijssen-r-k-kerkhof-rijssen,2025-12-13
https://www.begraafplaatsindebuurt.nl/begraafplaats/rk-begraafplaats-everdingen,2025-12-13
https://www.begraafplaatsindebuurt.nl/gemeente/nigtevecht,2025-12-13
https://www.begraafplaatsindebuurt.nl/begraafplaats/algemene-begraafplaats-oud-beijerland,2025-12-13
https://www.begraafplaatsindebuurt.nl/begraafplaats/dela-slangenburg-crematorium-in-doetinchem-doetinchem,2025-12-13
https://www.begraafplaatsindebuurt.nl/begraafplaats/r-k-begraafplaats-doorwerth-doorwerth,2025-12-13
https://www.begraafplaatsindebuurt.nl/begraafplaats/merci-laan-cemetery-bergen-bergen,2025-12-13
https://www.begraafplaatsindebuurt.nl/begraafplaats/stichting-natuur-dieren-begraafplaats-zeist,2025-12-13
https://www.begraafplaatsindebuurt.nl/gemeente/stedum,2025-12-13
https://www.begraafplaatsindebuurt.nl/begraafplaats/oorlogsgraven-van-het-gemenebest-heusden,2025-12-12
https://www.begraafplaatsindebuurt.nl/begraafplaats/algemene-begraafplaats-maasland,2025-12-12
https://www.begraafplaatsindebuurt.nl/begraafplaats/begraafplaats-ouwerkerk-vught-vught,2025-12-12
https://www.begraafplaatsindebuurt.nl/gemeente/gorinchem,2025-12-12
https://www.begraafplaatsindebuurt.nl/gemeente/termunten,2025-12-12
https://www.begraafplaatsindebuurt.nl/begraafplaats/oorlogsgraven-van-het-gemenebest-hardenberg,2025-12-12
https://www.begraafplaatsindebuurt.nl/begraafplaats/begraafplaats-blerickse-bergen-venlo-venlo,2025-12-12
https://www.begraafplaatsindebuurt.nl/begraafplaats/dierenbegraafplaats-t-uivershof-beek-gem-montferland,2025-12-12
https://www.begraafplaatsindebuurt.nl/begraafplaats/dela-rijtackers-crematorium-en-uitvaartcentrum-in-eindhoven-eindhoven,2025-12-12
https://www.begraafplaatsindebuurt.nl/begraafplaats/gemeentelijke-begraafplaats-huizum-dorp-leeuwarden,2025-12-12
https://www.begraafplaatsindebuurt.nl/begraafplaats/begraafplaats-brongergea-oranjewoud,2025-12-12
https://www.begraafplaatsindebuurt.nl/begraafplaats/begraafplaats-beukenhof-schiedam,2025-12-11
https://www.begraafplaatsindebuurt.nl/begraafplaats/baqi-uitvaart-den-haag,2025-12-11
https://www.begraafplaatsindebuurt.nl/begraafplaats/begraafplaats-appelhof-wierden,2025-12-11
https://www.begraafplaatsindebuurt.nl/begraafplaats/rk-rooms-katholieke-begraafplaats-monnickendam-monnickendam,2025-12-10
https://www.begraafplaatsindebuurt.nl/begraafplaats/stichting-hervormde-begraafplaats-haaksbergen-haaksbergen,2025-12-10
https://www.begraafplaatsindebuurt.nl/begraafplaats/begraafplaats-glashorst-scherpenzeel,2025-12-10
https://www.begraafplaatsindebuurt.nl/begraafplaats/kerkhof-van-maarhuizen-winsum,2025-12-10
https://www.begraafplaatsindebuurt.nl/begraafplaats/joodse-begraafplaats-toepad-rotterdam,2025-12-10
https://www.begraafplaatsindebuurt.nl/begraafplaats/openbare-begraafplaats-muiderberg,2025-12-10
https://www.begraafplaatsindebuurt.nl/begraafplaats/begraafplaats-deugenweerd-borculo-borculo,2025-12-10
https://www.begraafplaatsindebuurt.nl/begraafplaats/familiebegraafplaats-der-buma-s-weidum,2025-12-09
https://www.begraafplaatsindebuurt.nl/begraafplaats/stichting-r-k-begraafplaats-petrus-en-paulus-ulft,2025-12-09
https://www.begraafplaatsindebuurt.nl/begraafplaats/joodse-begraafplaats-1851-zwartsluis,2025-12-09
https://www.begraafplaatsindebuurt.nl/begraafplaats/begraafplaats-bouwe-kleaster-drogeham,2025-12-09
https://www.begraafplaatsindebuurt.nl/begraafplaats/begraafplaats-rooms-katholieke-kerk-ulvenhout-ulvenhout,2025-12-09
https://www.begraafplaatsindebuurt.nl/begraafplaats/begraafplaats-kollumerzwaag-kollumerzweach-kollumersweach,2025-12-09
https://www.begraafplaatsindebuurt.nl/begraafplaats/begraafplaats-slijkplaat-hoofdplaat,2025-12-09
https://www.begraafplaatsindebuurt.nl/begraafplaats/begraafplaats-watersnoodramp-1953-oude-tonge,2025-12-09
https://www.begraafplaatsindebuurt.nl/begraafplaats/dela-eikelenburg-crematorium-en-begraafplaats-in-rijswijk-rijswijk,2025-12-09
https://www.begraafplaatsindebuurt.nl/begraafplaats/dela-seterse-heide-crematorium-in-oosterhout-oosterhout,2025-12-09
https://www.begraafplaatsindebuurt.nl/begraafplaats/begraafplaats-blokzijl-slingerpad-blokzijl,2025-12-09
https://www.begraafplaatsindebuurt.nl/begraafplaats/het-spaansche-kerkhof-veenhuizen,2025-12-09
https://www.begraafplaatsindebuurt.nl/begraafplaats/rooms-katholieke-begraafplaats-zijdelhofje-uithoorn-uithoorn,2025-12-08
https://www.begraafplaatsindebuurt.nl/begraafplaats/nieuwe-joodse-begraafplaats-venlo,2025-12-08
https://www.begraafplaatsindebuurt.nl/begraafplaats/crematorium-de-lariks-rheeze,2025-12-08
https://www.begraafplaatsindebuurt.nl/begraafplaats/natuurbegraafplaats-slangenburg-doetinchem,2025-12-08
https://www.begraafplaatsindebuurt.nl/begraafplaats/algemene-begraafplaats-zevenaar,2025-12-08
https://www.begraafplaatsindebuurt.nl/begraafplaats/l-j-van-santvoort-grafdelving-oss,2025-12-08
https://www.begraafplaatsindebuurt.nl/begraafplaats/cemetery-stellendam,2025-12-08
https://www.begraafplaatsindebuurt.nl/begraafplaats/algemene-begraafplaats-aan-de-veerweg-maasbracht,2025-12-08
https://www.begraafplaatsindebuurt.nl/begraafplaats/begraafplaats-surhuizum-nl,2025-12-08
https://www.begraafplaatsindebuurt.nl/begraafplaats/begraafplaats-loenen-aan-de-vecht-loenen-aan-de-vecht,2025-12-08
https://www.begraafplaatsindebuurt.nl/begraafplaats/rouwservice-van-andel-andel,2025-12-08
https://www.begraafplaatsindebuurt.nl/begraafplaats/begraafplaats-de-oude-kerkhof-heeze,2025-12-08
https://www.begraafplaatsindebuurt.nl/begraafplaats/oude-begraafplaats-eperweg-nunspeet,2025-12-08
https://www.begraafplaatsindebuurt.nl/begraafplaats/begraafplaats-huisduinen-den-helder-den-helder,2025-12-08
https://www.begraafplaatsindebuurt.nl/begraafplaats/kerkhof-heilige-gregorius-de-grote-axel,2025-12-08
https://www.begraafplaatsindebuurt.nl/gemeente/zuidland,2025-12-08
https://www.begraafplaatsindebuurt.nl/begraafplaats/historische-begraafplaats-centrum-workum-workum,2025-12-08
https://www.begraafplaatsindebuurt.nl/begraafplaats/hervormde-begraafplaats-onstwedde-onstwedde,2025-12-07
https://www.begraafplaatsindebuurt.nl/begraafplaats/begraafplaats-ommen-ommen,2025-12-07
https://www.begraafplaatsindebuurt.nl/begraafplaats/algemene-begraafplaats-sibbe-valkenburg,2025-12-07
https://www.begraafplaatsindebuurt.nl/begraafplaats/begraafplaats-elzenhof-harderwijk,2025-12-07
https://www.begraafplaatsindebuurt.nl/begraafplaats/openbare-begraafplaats-sint-nicolaasga,2025-12-07
https://www.begraafplaatsindebuurt.nl/begraafplaats/begraafplaats-de-harenerhof-haren,2025-12-07
https://www.begraafplaatsindebuurt.nl/begraafplaats/gravenzande-s-gravenzande,2025-12-07
https://www.begraafplaatsindebuurt.nl/begraafplaats/begraafplaats-rosenburgh-voorschoten,2025-12-07
https://www.begraafplaatsindebuurt.nl/begraafplaats/joodse-begraafplaats-beth-chaim-almelo,2025-12-07
https://www.begraafplaatsindebuurt.nl/begraafplaats/joodse-begraafplaats-zevenhuizen,2025-12-07
https://www.begraafplaatsindebuurt.nl/begraafplaats/oude-toren-met-kerkhof-oost-west-en-middelbeers,2025-12-07
https://www.begraafplaatsindebuurt.nl/begraafplaats/crematorium-bouwens-uithoorn-de-kwakel,2025-12-07
https://www.begraafplaatsindebuurt.nl/begraafplaats/oude-kerkhof-son,2025-12-07
https://www.begraafplaatsindebuurt.nl/begraafplaats/cemetery-amersfoort,2025-12-07
https://www.begraafplaatsindebuurt.nl/begraafplaats/st-jozef-begraafplaats-noordwijkerhout,2025-12-07
https://www.begraafplaatsindebuurt.nl/begraafplaats/protestante-begraafplaats-urmond-urmond,2025-12-07
https://www.begraafplaatsindebuurt.nl/begraafplaats/begraafplaats-rumpen-brunssum,2025-12-07
https://www.begraafplaatsindebuurt.nl/begraafplaats/ned-herv-begraafplaats-hartwerd-hartwerd,2025-12-07
https://www.begraafplaatsindebuurt.nl/begraafplaats/oude-begraafplaats-van-kolonisten-vinkenbuurt,2025-12-07
https://www.begraafplaatsindebuurt.nl/begraafplaats/parochi-le-kerkhof-st-jan-de-doper-noord-scharwoude,2025-12-06
https://www.begraafplaatsindebuurt.nl/begraafplaats/begraafplaats-van-de-tachtigjarige-oorlog-breda,2025-12-06
https://www.begraafplaatsindebuurt.nl/begraafplaats/rooms-katholieke-begraafplaats-heinkenszand-heinkenszand,2025-12-06
https://www.begraafplaatsindebuurt.nl/begraafplaats/oosterbegraafplaats-voorburg-voorburg,2025-12-06
https://www.begraafplaatsindebuurt.nl/gemeente/vlaardingen,2025-12-06
https://www.begraafplaatsindebuurt.nl/begraafplaats/ned-herv-begraafplaats-etten-leur,2025-12-06
https://www.begraafplaatsindebuurt.nl/begraafplaats/st-martinuskerkhof-eindhoven,2025-12-06
https://www.begraafplaatsindebuurt.nl/begraafplaats/crematorium-westgaarde-amsterdam,2025-12-06
https://www.begraafplaatsindebuurt.nl/begraafplaats/rk-begraafplaats-heerenveen-heerenveen,2025-12-06
https://www.begraafplaatsindebuurt.nl/begraafplaats/algemene-begraafplaats-breskens,2025-12-06
https://www.begraafplaatsindebuurt.nl/begraafplaats/algemene-begraafplaats-hellevoetsluis-stoofweg-hellevoetsluis,2025-12-06
https://www.begraafplaatsindebuurt.nl/begraafplaats/stichting-protestantse-begraafplaats-charlois-rotterdam,2025-12-06
https://www.begraafplaatsindebuurt.nl/begraafplaats/algemene-begraafplaats-molenstraat-helmond,2025-12-06
https://www.begraafplaatsindebuurt.nl/begraafplaats/algemene-begraafplaats-katwijk-aan-zee,2025-12-06
https://www.begraafplaatsindebuurt.nl/begraafplaats/den-hollandsche-gedenktekens-grafmonumenten-grafstenen-amsterdam,2025-12-06
https://www.begraafplaatsindebuurt.nl/begraafplaats/monument-tijdelijke-begraafplaats-groesbeek,2025-12-06
https://www.begraafplaatsindebuurt.nl/gemeente/renswoude,2025-12-06
https://www.begraafplaatsindebuurt.nl/begraafplaats/graf-jannie-rietveld-goedegebuur-alphen,2025-12-06
https://www.begraafplaatsindebuurt.nl/begraafplaats/cemetery-eanjum,2025-12-06
https://www.begraafplaatsindebuurt.nl/begraafplaats/algemene-begraafplaats-papesteeg-tiel,2025-12-06
https://www.begraafplaatsindebuurt.nl/begraafplaats/oorlogsgraf-franciscus-jacobs-weert,2025-12-06
https://www.begraafplaatsindebuurt.nl/gemeente/zegveld,2025-12-06
https://www.begraafplaatsindebuurt.nl/begraafplaats/begraafplaats-de-leeuwerenk-wageningen,2025-12-06
https://www.begraafplaatsindebuurt.nl/begraafplaats/begraafplaats-kanaalweg-delft,2025-12-06
https://www.begraafplaatsindebuurt.nl/begraafplaats/rk-begraafplaats-st-martinus-giesbeek,2025-12-06
https://www.begraafplaatsindebuurt.nl/gemeente/vierpolders,2025-12-06
https://www.begraafplaatsindebuurt.nl/begraafplaats/erekerkhof-der-stoottroepen-beneden-leeuwen,2025-12-06
https://www.begraafplaatsindebuurt.nl/begraafplaats/joodse-begraafplaats-heusden,2025-12-06
https://www.begraafplaatsindebuurt.nl/begraafplaats/algemene-begraafplaats-aan-de-stenenkruisstraat-nijmegen,2025-12-06
https://www.begraafplaatsindebuurt.nl/begraafplaats/rk-begraafplaats-h-bonifatius-rijswijk,2025-12-06
https://www.begraafplaatsindebuurt.nl/begraafplaats/algemene-begraafplaats-sint-philipsland,2025-12-06
https://www.begraafplaatsindebuurt.nl/begraafplaats/stadscrematorium-groningen-groningen,2025-12-06
https://www.begraafplaatsindebuurt.nl/begraafplaats/cemetery-mitselwier,2025-12-06
https://www.begraafplaatsindebuurt.nl/begraafplaats/the-jewish-cemetery-of-diemen-fields-c-b-d-u-diemen,2025-12-06
https://www.begraafplaatsindebuurt.nl/begraafplaats/begraafplaats-west-marktstraat-wormerveer,2025-12-06
https://www.begraafplaatsindebuurt.nl/begraafplaats/doornspijk-begraafplaats-doornspijk,2025-12-06
https://www.begraafplaatsindebuurt.nl/gemeente/spijk-gem-lingewaal,2025-12-05
https://www.begraafplaatsindebuurt.nl/begraafplaats/stichting-r-k-begraafplaats-st-barbara-te-hilversum-hilversum,2025-12-05
https://www.begraafplaatsindebuurt.nl/begraafplaats/algemene-begraafplaats-kedichem-kedichem,2025-12-05
https://www.begraafplaatsindebuurt.nl/begraafplaats/protestantse-begraafplaats-zeddam-zeddam,2025-12-05
https://www.begraafplaatsindebuurt.nl/gemeente/voorst-gem-voorst,2025-12-05
https://www.begraafplaatsindebuurt.nl/begraafplaats/shomrei-hadass-joods-kerkhof-putte,2025-12-05
https://www.begraafplaatsindebuurt.nl/begraafplaats/rk-begraafplaats-werkhoven-werkhoven,2025-12-05
https://www.begraafplaatsindebuurt.nl/begraafplaats/rk-kerkhof-st-h-anna-rosmalen,2025-12-05
https://www.begraafplaatsindebuurt.nl/type/algemeen,2025-12-05
https://www.begraafplaatsindebuurt.nl/plaats/nieuw--en-sint-joosland,2025-12-05
https://www.begraafplaatsindebuurt.nl/begraafplaats/begraafplaats-soesterkwartier-amersfoort,2025-12-05
https://www.begraafplaatsindebuurt.nl/begraafplaats/gemeentelijke-begraafplaats-gorssel-gorssel,2025-12-05
https://www.begraafplaatsindebuurt.nl/begraafplaats/rotterdam-zuiderbegraafplaats-rotterdam,2025-12-05
https://www.begraafplaatsindebuurt.nl/begraafplaats/dela-t-karbrugsche-veld-crematorium-en-uitvaartcentrum-in-bemmel-bemmel,2025-12-05
https://www.begraafplaatsindebuurt.nl/begraafplaats/liberaal-joodse-begraafplaats-gan-hasjalom-amstelveen,2025-12-05
https://www.begraafplaatsindebuurt.nl/begraafplaats/dela-ockenburgh-crematorium-in-den-haag-den-haag,2025-12-04
https://www.begraafplaatsindebuurt.nl/begraafplaats/begraafplaats-kerkenveld-smilde,2025-12-04
https://www.begraafplaatsindebuurt.nl/plaats/sint-odiliënberg,2025-12-04
https://www.begraafplaatsindebuurt.nl/plaats/earnewâld,2025-12-04
https://www.begraafplaatsindebuurt.nl/begraafplaats/r-k-begraafplaats-bergen-op-zoom-bergen-op-zoom,2025-12-04
https://www.begraafplaatsindebuurt.nl/plaats/ouderkerk-a/d-amstel,2025-12-03
https://www.begraafplaatsindebuurt.nl/type/rooms-katholiek,2025-12-03
https://www.begraafplaatsindebuurt.nl/begraafplaats/begraafplaats-beukenhage-s-gravenzande,2025-12-02
https://www.begraafplaatsindebuurt.nl/begraafplaats/oude-rooms-katholieke-begraafplaats-brielle,2025-12-02
https://www.begraafplaatsindebuurt.nl/begraafplaats/begraafplaats-voormalig-landhuis-klein-hemmen-hemmen,2025-12-02
https://www.begraafplaatsindebuurt.nl/plaats/sânfirden,2025-12-02
https://www.begraafplaatsindebuurt.nl/plaats/geulle/aan-de-maas,2025-12-02
https://www.begraafplaatsindebuurt.nl/plaats/babyloniënbroek,2025-12-02
https://www.begraafplaatsindebuurt.nl/plaats/wânswert,2025-12-02
https://www.begraafplaatsindebuurt.nl/begraafplaats/algemene-begraafplaats-neder-hardinxveld-hardinxveld-giessendam,2025-12-02
https://www.begraafplaatsindebuurt.nl/plaats/goënga,2025-12-02
https://www.begraafplaatsindebuurt.nl/plaats/mariënheem,2025-12-02
https://www.begraafplaatsindebuurt.nl/plaats/ohé,2025-12-02
https://www.begraafplaatsindebuurt.nl/plaats/sibrandahûs,2025-12-02
https://www.begraafplaatsindebuurt.nl/plaats/loënga,2025-12-02
https://www.begraafplaatsindebuurt.nl/plaats/kiel--windeweer,2025-12-02
https://www.begraafplaatsindebuurt.nl/plaats/ítens,2025-12-02
https://www.begraafplaatsindebuurt.nl/plaats/mariënvelde,2025-12-02
https://www.begraafplaatsindebuurt.nl/plaats/suwâld,2025-12-02
https://www.begraafplaatsindebuurt.nl/plaats/wâlterswâld,2025-12-02
https://www.begraafplaatsindebuurt.nl/begraafplaats/uitvaartvereniging-trijnwouden-stiens,2025-12-02
https://www.begraafplaatsindebuurt.nl/plaats/stad-aan-'t-haringvliet,2025-12-02
https://www.begraafplaatsindebuurt.nl/plaats/hei--en-boeicop,2025-12-02
https://www.begraafplaatsindebuurt.nl/plaats/loenen-a/d-vecht,2025-12-02
https://www.begraafplaatsindebuurt.nl/plaats/húns,2025-12-02
https://www.begraafplaatsindebuurt.nl/plaats/tweede-exloërmond,2025-12-02
https://www.begraafplaatsindebuurt.nl/plaats/feanwâlden,2025-12-02
https://www.begraafplaatsindebuurt.nl/plaats/burgh--haamstede,2025-12-02
https://www.begraafplaatsindebuurt.nl/plaats/kûbaard,2025-12-02
https://www.begraafplaatsindebuurt.nl/plaats/reahûs,2025-12-02
https://www.begraafplaatsindebuurt.nl/plaats/goïngarijp,2025-12-02
https://www.begraafplaatsindebuurt.nl/begraafplaats/cemetery-sint-anthonis,2025-12-02
https://www.begraafplaatsindebuurt.nl/begraafplaats/begraafplaats-larikshof-rhenen,2025-12-02
https://www.begraafplaatsindebuurt.nl/begraafplaats/begraafplaats-rooms-katholieke-kerk-posterholt-posterholt,2025-12-01
https://www.begraafplaatsindebuurt.nl/begraafplaats/begraafplaats-h-antonius-abt-kerk-wijchen,2025-12-01
https://www.begraafplaatsindebuurt.nl/begraafplaats/cemetery-geertruidenberg,2025-12-01
https://www.begraafplaatsindebuurt.nl/gemeente/hekendorp,2025-12-01
https://www.begraafplaatsindebuurt.nl/begraafplaats/nederlands-oorlogsgraf-op-de-rooms-katholieke-begraafplaats-schimmert,2025-12-01
https://www.begraafplaatsindebuurt.nl/begraafplaats/de-karmel-woudsend-woudsend,2025-11-30
https://www.begraafplaatsindebuurt.nl/gemeente/gouda,2025-11-30
https://www.begraafplaatsindebuurt.nl/begraafplaats/uitvaart-productions-nl-de-lutte,2025-11-30
https://www.begraafplaatsindebuurt.nl/begraafplaats/merel-westermann-amsterdam,2025-11-29
https://www.begraafplaatsindebuurt.nl/begraafplaats/p-i-zuid-oost-locatie-ter-peel-evertsoord,2025-11-28
https://www.begraafplaatsindebuurt.nl/gemeente/heelweg,2025-11-27
https://www.begraafplaatsindebuurt.nl/begraafplaats/noord-kuba-camii-amsterdam,2025-11-27
https://www.begraafplaatsindebuurt.nl/begraafplaats/meijer-dam-assurantiekantoor-duivendrecht,2025-11-26
https://www.begraafplaatsindebuurt.nl/begraafplaats/kerkhof-bouw-en-interieur-b-v-heeswijk-dinther,2025-11-26
https://www.begraafplaatsindebuurt.nl/begraafplaats/arboretum-poort-bulten-de-lutte,2025-11-25
https://www.begraafplaatsindebuurt.nl/begraafplaats/mookerheide-natuurmonumenten-plasmolen,2025-11-25
https://www.begraafplaatsindebuurt.nl/begraafplaats/algemene-begraafplaats,2025-11-24
https://www.begraafplaatsindebuurt.nl/gemeente/'s-gravenmoer,2025-11-23
https://www.begraafplaatsindebuurt.nl/begraafplaats/cuvo-rouwcentrum-eikelenburg-rijswijk,2025-11-23
https://www.begraafplaatsindebuurt.nl/begraafplaats/uitvaart-brunssum-brunssum,2025-11-23
https://www.begraafplaatsindebuurt.nl/begraafplaats/rotterdam-rotterdam,2025-11-22
https://www.begraafplaatsindebuurt.nl/begraafplaats/ijsselhof-gouda-dela-gouda,2025-11-22
https://www.begraafplaatsindebuurt.nl/begraafplaats/kapel-heilige-maria-der-engelen-rotterdam,2025-11-21
https://www.begraafplaatsindebuurt.nl/begraafplaats/schijnvliegveld-de-kiek-riel,2025-11-21
https://www.begraafplaatsindebuurt.nl/begraafplaats/uitvaartcentrum-zuid-ename-uitvaartzorg-amsterdam,2025-11-21
https://www.begraafplaatsindebuurt.nl/begraafplaats/basic-uitvaart-schagen-amsterdam,2025-11-20
https://www.begraafplaatsindebuurt.nl/gemeente/'s-graveland,2025-11-20
https://www.begraafplaatsindebuurt.nl/begraafplaats/uitvaartcentrum-good-goan-enschede,2025-11-18
https://www.begraafplaatsindebuurt.nl/begraafplaats/uitvaart-platform-nl-de-lutte,2025-11-17
https://www.begraafplaatsindebuurt.nl/begraafplaats/uitvaartmagazine-uitvaart-inside-de-lutte,2025-11-17
https://www.begraafplaatsindebuurt.nl/begraafplaats/nieuwe-oosterbegraafplaats,2025-11-15
https://www.begraafplaatsindebuurt.nl/begraafplaats/uitvaart-recruitment-de-lutte,2025-11-13
https://www.begraafplaatsindebuurt.nl/gemeente/radio-kootwijk,2025-11-11
https://www.begraafplaatsindebuurt.nl/begraafplaats/hornhof-nederhorst-den-berg,2025-11-03
https://www.begraafplaatsindebuurt.nl/begraafplaats/stichting-dorpshuis-nij-sion-nijewier,2025-11-03
https://www.begraafplaatsindebuurt.nl/begraafplaats/dela-de-boezem-uitvaartcentrum-in-rotterdam-rotterdam,2025-11-03
https://www.begraafplaatsindebuurt.nl/begraafplaats/sint-antonius-eindhoven,2025-11-02
https://www.begraafplaatsindebuurt.nl/begraafplaats/oude-algemene-begraafplaats,2025-11-02
https://www.begraafplaatsindebuurt.nl/begraafplaats/walchers-uitvaartcentrum-vlissingen,2025-11-01
https://www.begraafplaatsindebuurt.nl/begraafplaats/afscheidshuis-hess-rotterdam,2025-10-31
https://www.begraafplaatsindebuurt.nl/gemeente/'s-hertogenbosch,2025-10-30
https://www.begraafplaatsindebuurt.nl/begraafplaats/van-der-meer-natuursteen-arnhem,2025-10-30
https://www.begraafplaatsindebuurt.nl/begraafplaats/tomba-havraham-diemen,2025-10-29
https://www.begraafplaatsindebuurt.nl/begraafplaats/sint-petrus-banden-diemen,2025-10-29
https://www.begraafplaatsindebuurt.nl/begraafplaats/gebouw-a-radio-kootwijk-radio-kootwijk,2025-10-29
https://www.begraafplaatsindebuurt.nl/gemeente/kortehemmen,2025-10-29
https://www.begraafplaatsindebuurt.nl/begraafplaats/gedenk-te-sterven-diemen,2025-10-28
https://www.begraafplaatsindebuurt.nl/begraafplaats/st-bavo-kerkhof,2025-10-27
https://www.begraafplaatsindebuurt.nl/begraafplaats/brasserie-1718-hoogwoud,2025-10-27
https://www.begraafplaatsindebuurt.nl/begraafplaats/duivelshof-de-lutte,2025-10-27
https://www.begraafplaatsindebuurt.nl/begraafplaats/de-oude-molen-fijnaart,2025-10-26
https://www.begraafplaatsindebuurt.nl/begraafplaats/het-jeroen-pit-huis-amsterdam,2025-10-26
https://www.begraafplaatsindebuurt.nl/begraafplaats/bouman-uitvaartzorg-borger,2025-10-25
https://www.begraafplaatsindebuurt.nl/begraafplaats/hervormde-kerk-schraard,2025-10-25
https://www.begraafplaatsindebuurt.nl/begraafplaats/natuurpark-lelystad-lelystad,2025-10-24
https://www.begraafplaatsindebuurt.nl/begraafplaats/begraafplaats-crooswijk,2025-10-24
https://www.begraafplaatsindebuurt.nl/begraafplaats/samenspraak-uitvaartzorg-door-marion-bollongino-enschede,2025-10-24
https://www.begraafplaatsindebuurt.nl/begraafplaats/l-t-c-kellendonck-kerk-avezaath,2025-10-23
https://www.begraafplaatsindebuurt.nl/begraafplaats/projectbureau-blauwestad-blauwestad,2025-10-23
https://www.begraafplaatsindebuurt.nl/begraafplaats/diny-neplenbroek-diemen,2025-10-23
https://www.begraafplaatsindebuurt.nl/gemeente/blesdijke,2025-10-23
https://www.begraafplaatsindebuurt.nl/begraafplaats/kasteel-middachten-te-de-steeg-de-steeg,2025-10-23
https://www.begraafplaatsindebuurt.nl/begraafplaats/monuta-crematorium-noorderveld-nieuwegein,2025-10-21
https://www.begraafplaatsindebuurt.nl/begraafplaats/uitvaartvereniging-de-laatste-eer-menaldum-menaam,2025-10-20
https://www.begraafplaatsindebuurt.nl/gemeente/vogelenzang,2025-10-18
https://www.begraafplaatsindebuurt.nl/begraafplaats/vliegbasis-deelen-arnhem,2025-10-17
https://www.begraafplaatsindebuurt.nl/begraafplaats/canadese-bevruding-sroute-zuidzande,2025-10-14
https://www.begraafplaatsindebuurt.nl/begraafplaats/stichting-oude-begraafplaatsen-deventer,2025-10-14
https://www.begraafplaatsindebuurt.nl/begraafplaats/bloembinderij-zwaan-amsterdam,2025-10-14
https://www.begraafplaatsindebuurt.nl/begraafplaats/bloemenweelde-amsterdam-amsterdam,2025-10-14
https://www.begraafplaatsindebuurt.nl/gemeente/eckelrade,2025-10-14
https://www.begraafplaatsindebuurt.nl/begraafplaats/moskee-el-ferdous-den-haag,2025-10-13
https://www.begraafplaatsindebuurt.nl/begraafplaats/st-jozefkerk-leusden-leusden,2025-10-13
https://www.begraafplaatsindebuurt.nl/begraafplaats/stichting-milli-gorus-arafat-amsterdam,2025-10-13
https://www.begraafplaatsindebuurt.nl/begraafplaats/vermey-uitvaartzorg-utrecht,2025-10-13
https://www.begraafplaatsindebuurt.nl/begraafplaats/zielhuis-uitvaart-amsterdam,2025-10-13
https://www.begraafplaatsindebuurt.nl/begraafplaats/uitvaartcentrum-de-ridder-terneuzen,2025-10-13
https://www.begraafplaatsindebuurt.nl/begraafplaats/odens-uitvaart-begeleiding-l-katja-hehenkamp-rotterdam,2025-10-13
https://www.begraafplaatsindebuurt.nl/begraafplaats/hollandse-uitvaart-buitenkaag,2025-10-13
https://www.begraafplaatsindebuurt.nl/begraafplaats/edwin-kist-uitvaartverzorging-afscheidshuis-het-usselerhof-enschede,2025-10-13
https://www.begraafplaatsindebuurt.nl/begraafplaats/noordennen-speelgoed-alteveer,2025-10-13
https://www.begraafplaatsindebuurt.nl/begraafplaats/ru-ne-van-eikenduinen-den-haag,2025-10-13
https://www.begraafplaatsindebuurt.nl/begraafplaats/natasja-huting-uitvaartbegeleiding-arnhem,2025-10-13
https://www.begraafplaatsindebuurt.nl/begraafplaats/met-ester-uitvaartverzorging-lochem,2025-10-13
https://www.begraafplaatsindebuurt.nl/gemeente/ees,2025-10-13
https://www.begraafplaatsindebuurt.nl/gemeente/hoge-hexel,2025-10-13
https://www.begraafplaatsindebuurt.nl/begraafplaats/gasselternijveen-kerk-gasselternijveen,2025-10-13
https://www.begraafplaatsindebuurt.nl/begraafplaats/uitvaart-010-rijswijk,2025-10-13
https://www.begraafplaatsindebuurt.nl/begraafplaats/monument-neergestort-vliegtuig-berg-en-terblijt-berg-en-terblijt,2025-10-13
https://www.begraafplaatsindebuurt.nl/begraafplaats/protestantse-kerk-nigtevecht-nigtevecht,2025-10-13
https://www.begraafplaatsindebuurt.nl/begraafplaats/uitvaartcentrum-de-engenhof-soest,2025-10-13
https://www.begraafplaatsindebuurt.nl/begraafplaats/rememberme-nl-rotterdam,2025-10-13
https://www.begraafplaatsindebuurt.nl/begraafplaats/de-jongh-uitvaartverzorging-b-v-heemskerk,2025-10-13
https://www.begraafplaatsindebuurt.nl/begraafplaats/uitvaartcentrum-leidschendam-voorburg-leidschendam,2025-10-13
https://www.begraafplaatsindebuurt.nl/begraafplaats/firma-a-h-kerkhof-zn-uitvaartzorg-den-haag,2025-10-13
https://www.begraafplaatsindebuurt.nl/gemeente/ansen,2025-10-13
https://www.begraafplaatsindebuurt.nl/begraafplaats/uitvaartverzorging-hesseling-nijmegen,2025-10-13
https://www.begraafplaatsindebuurt.nl/begraafplaats/grafzorg-nederland-b-v-velp,2025-10-13
https://www.begraafplaatsindebuurt.nl/begraafplaats/overwaard-molen-no-7-kinderdijk,2025-10-13
https://www.begraafplaatsindebuurt.nl/begraafplaats/sandra-minnes-uitvaartbegeleiding-enschede,2025-10-13
https://www.begraafplaatsindebuurt.nl/begraafplaats/jeudse-karkhof-noordwolde,2025-10-13
https://www.begraafplaatsindebuurt.nl/begraafplaats/huis-te-echten-echten,2025-10-13
https://www.begraafplaatsindebuurt.nl/begraafplaats/antyesthi-uitvaartzorg-bv-den-haag,2025-10-13
https://www.begraafplaatsindebuurt.nl/begraafplaats/westerduin-uitvaart-rijswijk,2025-10-13
https://www.begraafplaatsindebuurt.nl/begraafplaats/islamitische-stichting-nederland-eyup-sultan-utrecht-utrecht,2025-10-13
https://www.begraafplaatsindebuurt.nl/gemeente/elim,2025-10-13
https://www.begraafplaatsindebuurt.nl/gemeente/garyp,2025-10-13
https://www.begraafplaatsindebuurt.nl/begraafplaats/ceremonieduif-uitvaart-nieuwegein,2025-10-13
https://www.begraafplaatsindebuurt.nl/begraafplaats/monuta-westen-holterman-oosterhout,2025-10-13
https://www.begraafplaatsindebuurt.nl/begraafplaats/stichting-oude-kerk-zoutkamp-zoutkamp,2025-10-13
https://www.begraafplaatsindebuurt.nl/begraafplaats/de-statenlaan-uitvaartcentrum-uitvaartzorg-den-haag,2025-10-13
https://www.begraafplaatsindebuurt.nl/begraafplaats/de-wilde-weg-amsterdam,2025-10-13
https://www.begraafplaatsindebuurt.nl/begraafplaats/memento-uitvaartzorg-enschede,2025-10-13
https://www.begraafplaatsindebuurt.nl/begraafplaats/g-o-z-noord-holland-zwaag,2025-10-13
https://www.begraafplaatsindebuurt.nl/begraafplaats/merkez-moskee-rotterdam,2025-10-13
https://www.begraafplaatsindebuurt.nl/begraafplaats/cluster-tabor-heythuysen,2025-10-13
https://www.begraafplaatsindebuurt.nl/begraafplaats/van-der-stappen-uitvaartverzorging-eindhoven,2025-10-13
https://www.begraafplaatsindebuurt.nl/begraafplaats/monuta-eindhoven-eindhoven,2025-10-13
https://www.begraafplaatsindebuurt.nl/begraafplaats/verenigde-begrafenis-en-crematie-ondernemingen-b-v-amsterdam,2025-10-13
https://www.begraafplaatsindebuurt.nl/begraafplaats/mare-uitvaartbegeleiding-den-haag-den-haag,2025-10-13
https://www.begraafplaatsindebuurt.nl/begraafplaats/monuta-den-haag-uitvaartcentrum-den-haag,2025-10-13
https://www.begraafplaatsindebuurt.nl/begraafplaats/wanmaker-uitvaart-heemskerk,2025-10-13
https://www.begraafplaatsindebuurt.nl/begraafplaats/de-blekerij-katwijk-aan-zee,2025-10-13
https://www.begraafplaatsindebuurt.nl/begraafplaats/monument-burgerslachtoffers-rotterdam-rotterdam,2025-10-13
https://www.begraafplaatsindebuurt.nl/begraafplaats/uitvaartonderneming-onze-zorg-den-haag,2025-10-13
https://www.begraafplaatsindebuurt.nl/begraafplaats/uitvaartcentrum-overtoom-groen-vlissingen,2025-10-13
https://www.begraafplaatsindebuurt.nl/gemeente/eefde,2025-10-13
https://www.begraafplaatsindebuurt.nl/gemeente/'t-zandt,2025-10-13
https://www.begraafplaatsindebuurt.nl/begraafplaats/bureau-voor-uitvaartzorg-arnhem,2025-10-13
https://www.begraafplaatsindebuurt.nl/begraafplaats/aula-rouwcentrum-gemeente-zuidplas-uitvaartverzorging-van-den-bogerd-bleiswijk,2025-10-12
https://www.begraafplaatsindebuurt.nl/begraafplaats/bovensmilde-voetbalvereniging-bsvv-bovensmilde,2025-10-12
https://www.begraafplaatsindebuurt.nl/begraafplaats/atente-uitvaartbegeleiding-amsterdam-amsterdam,2025-10-12
https://www.begraafplaatsindebuurt.nl/gemeente/odiliapeel,2025-10-12
https://www.begraafplaatsindebuurt.nl/gemeente/visvliet,2025-10-12
https://www.begraafplaatsindebuurt.nl/begraafplaats/uitvaartverzorging-erik-van-zoest-ingen,2025-10-12
https://www.begraafplaatsindebuurt.nl/gemeente/elsendorp,2025-10-12
https://www.begraafplaatsindebuurt.nl/begraafplaats/veerdienst-oude-wetering-leimuiden-leimuiden,2025-10-12
https://www.begraafplaatsindebuurt.nl/begraafplaats/de-oude-hage-uitvaartcentrum-den-haag,2025-10-12
https://www.begraafplaatsindebuurt.nl/begraafplaats/wurms-uitvaartzorg-den-haag,2025-10-12
https://www.begraafplaatsindebuurt.nl/begraafplaats/sluiswachterswoning-amsterdam,2025-10-12
https://www.begraafplaatsindebuurt.nl/begraafplaats/uitvaartverzorging-de-witte-lelie-in-rotterdam-rotterdam,2025-10-12
https://www.begraafplaatsindebuurt.nl/begraafplaats/de-bazel-amsterdam-conference-event-center-amsterdam,2025-10-12
https://www.begraafplaatsindebuurt.nl/begraafplaats/action-riel-riel,2025-10-12
https://www.begraafplaatsindebuurt.nl/begraafplaats/zuidermeer-zuidermeer,2025-10-12
https://www.begraafplaatsindebuurt.nl/begraafplaats/isn-fatih-moskee-amsterdam-hdv-fatih-camii-amsterdam-amsterdam,2025-10-12
https://www.begraafplaatsindebuurt.nl/begraafplaats/leur-leur,2025-10-12
https://www.begraafplaatsindebuurt.nl/begraafplaats/molen-van-hantum-hantum,2025-10-12
https://www.begraafplaatsindebuurt.nl/begraafplaats/bij-afscheid-amsterdam,2025-10-12
https://www.begraafplaatsindebuurt.nl/begraafplaats/monuta-begraafplaats-oud-eik-en-duinen-den-haag,2025-10-12
https://www.begraafplaatsindebuurt.nl/begraafplaats/begraafplaats-crematorium-westerveld,2025-10-12
https://www.begraafplaatsindebuurt.nl/begraafplaats/klein-willink-tweewielers-westendorp,2025-10-12
https://www.begraafplaatsindebuurt.nl/begraafplaats/ontmoetingskerk-beetsterzwaag,2025-10-12
https://www.begraafplaatsindebuurt.nl/gemeente/drouwen,2025-10-11
https://www.begraafplaatsindebuurt.nl/begraafplaats/mea-vota-diemen,2025-10-10
https://www.begraafplaatsindebuurt.nl/begraafplaats/oktober-uitvaartbegeleiding-den-haag,2025-10-09
https://www.begraafplaatsindebuurt.nl/gemeente/de-lutte,2025-10-07
https://www.begraafplaatsindebuurt.nl/begraafplaats/pg-echtenerbrug-oosterzee-echtenerbrug,2025-10-02
https://www.begraafplaatsindebuurt.nl/begraafplaats/dorpshuis-brandershole-ter-hole,2025-10-01
https://www.begraafplaatsindebuurt.nl/begraafplaats/moskee-an-nour-cuijk-cuijk,2025-09-30
https://www.begraafplaatsindebuurt.nl/begraafplaats/monuta-voorthuizen-uitvaartcentrum-voorthuizen,2025-09-29
https://www.begraafplaatsindebuurt.nl/begraafplaats/parkeerplaats-kasteel-de-haar-utrecht,2025-09-29
https://www.begraafplaatsindebuurt.nl/begraafplaats/hervormde-kerk-poppingawier-poppenwier,2025-09-29
https://www.begraafplaatsindebuurt.nl/begraafplaats/silent-stones-gedenkstenen-urnen-gedenksieraden-rotterdam,2025-09-29
https://www.begraafplaatsindebuurt.nl/begraafplaats/sprengenbos-apeldoorn,2025-09-29
https://www.begraafplaatsindebuurt.nl/begraafplaats/passage-uitvaarten-utrecht,2025-09-29
https://www.begraafplaatsindebuurt.nl/begraafplaats/uitvaartverzorging-myosotis-amsterdam,2025-09-29
https://www.begraafplaatsindebuurt.nl/begraafplaats/oud-geleen-geleen,2025-09-29
https://www.begraafplaatsindebuurt.nl/begraafplaats/protestantse-gemeente-eastermar-eastermar,2025-09-29
https://www.begraafplaatsindebuurt.nl/gemeente/formerum,2025-09-29
https://www.begraafplaatsindebuurt.nl/begraafplaats/voorm-hervormde-kerk-augsbuurt-augsbuert-lytsew-ld,2025-09-29
https://www.begraafplaatsindebuurt.nl/begraafplaats/plantagehof-culemborg,2025-09-29
https://www.begraafplaatsindebuurt.nl/begraafplaats/moskee-dar-alhijra-rotterdam,2025-09-29
https://www.begraafplaatsindebuurt.nl/begraafplaats/de-kirke-westdorpe,2025-09-29
https://www.begraafplaatsindebuurt.nl/begraafplaats/nederlandse-gereformeerde-kerk-langerak-en-omstreken-ngk-waal,2025-09-29
https://www.begraafplaatsindebuurt.nl/begraafplaats/stichting-al-firdaus-amsterdam,2025-09-29
https://www.begraafplaatsindebuurt.nl/gemeente/jonkersvaart,2025-09-29
https://www.begraafplaatsindebuurt.nl/gemeente/noordscheschut,2025-09-29
https://www.begraafplaatsindebuurt.nl/begraafplaats/hervormde-kerk-ter-heijde-ter-heijde,2025-09-29
https://www.begraafplaatsindebuurt.nl/begraafplaats/caf-kerkzicht-riel,2025-09-29
https://www.begraafplaatsindebuurt.nl/begraafplaats/margaretha-uitvaartzorg-rotterdam,2025-09-29
https://www.begraafplaatsindebuurt.nl/begraafplaats/sint-donatuskerk-altforst,2025-09-28
https://www.begraafplaatsindebuurt.nl/begraafplaats/de-vene-uitvaartbenodigdheden-veen,2025-09-28
https://www.begraafplaatsindebuurt.nl/begraafplaats/hervormde-kerk-heiligerlee-heiligerlee,2025-09-28
https://www.begraafplaatsindebuurt.nl/begraafplaats/onze-lieve-vrouwekerk-church-of-our-lady-amsterdam-amsterdam,2025-09-28
https://www.begraafplaatsindebuurt.nl/begraafplaats/hervormde-gemeente-zijderveld-zijderveld,2025-09-28
https://www.begraafplaatsindebuurt.nl/begraafplaats/piet-marja-alphen,2025-09-28
https://www.begraafplaatsindebuurt.nl/begraafplaats/hofstede-uitvaartbegeleiding-amsterdam,2025-09-28
https://www.begraafplaatsindebuurt.nl/begraafplaats/sociale-uitvaart-utrecht-utrecht,2025-09-28
https://www.begraafplaatsindebuurt.nl/begraafplaats/crematoria-twente-enschede,2025-09-28
https://www.begraafplaatsindebuurt.nl/begraafplaats/assieraden-termonde-kerkdriel,2025-09-28
https://www.begraafplaatsindebuurt.nl/begraafplaats/de-nieuwe-ooster-amsterdam,2025-09-28
https://www.begraafplaatsindebuurt.nl/gemeente/cornwerd,2025-09-28
https://www.begraafplaatsindebuurt.nl/begraafplaats/st-jan-de-doper-kerk-leimuiden,2025-09-28
https://www.begraafplaatsindebuurt.nl/gemeente/britswert,2025-09-28
https://www.begraafplaatsindebuurt.nl/begraafplaats/linda-brouwer-uitvaartverzorging-amsterdam,2025-09-28
https://www.begraafplaatsindebuurt.nl/begraafplaats/uitvaartcentrum-rustven-deurne-deurne,2025-09-28
https://www.begraafplaatsindebuurt.nl/begraafplaats/apart-hotel-het-veerse-meer-kortgene,2025-09-28
https://www.begraafplaatsindebuurt.nl/begraafplaats/preserved-mummies-of-the-hervormde-kerk-wiuwert,2025-09-28
https://www.begraafplaatsindebuurt.nl/begraafplaats/grafsteenwinkel-rotterdam-rotterdam,2025-09-28
https://www.begraafplaatsindebuurt.nl/begraafplaats/st-josephkerk-hooglanderveen-vathorst-hooglanderveen,2025-09-28
https://www.begraafplaatsindebuurt.nl/begraafplaats/fierljepferiening-it-heidenskip-it-heidenskip,2025-09-28
https://www.begraafplaatsindebuurt.nl/begraafplaats/gereformeerde-kerk-kornhorn-leeuwarden-gkn-kornhorn,2025-09-28
https://www.begraafplaatsindebuurt.nl/gemeente/zwaag,2025-09-28
https://www.begraafplaatsindebuurt.nl/begraafplaats/mariakapel-afferden-afferden,2025-09-28
https://www.begraafplaatsindebuurt.nl/begraafplaats/het-heilige-lant-duiven,2025-09-28
https://www.begraafplaatsindebuurt.nl/begraafplaats/omzien-uitvaartbegeleiding-fijnaart,2025-09-28
https://www.begraafplaatsindebuurt.nl/begraafplaats/ellen-stutje-uitvaartzorg-diemen-diemen,2025-09-27
https://www.begraafplaatsindebuurt.nl/begraafplaats/uitvaartverzorging-robine-jansen-bangert-wijchen,2025-09-27
https://www.begraafplaatsindebuurt.nl/begraafplaats/automobielbedrijf-kerkhof-rotterdam,2025-09-26
https://www.begraafplaatsindebuurt.nl/begraafplaats/rustoord-diemen,2025-09-26
https://www.begraafplaatsindebuurt.nl/begraafplaats/duin-alkmaar,2025-09-26
https://www.begraafplaatsindebuurt.nl/begraafplaats/hervormde-kerk-gieterveen-gieterveen,2025-09-26
https://www.begraafplaatsindebuurt.nl/begraafplaats/hemmen-hemmen,2025-09-24
https://www.begraafplaatsindebuurt.nl/begraafplaats/hervormde-kerk-hoornsterzwaag,2025-09-24
https://www.begraafplaatsindebuurt.nl/begraafplaats/kapel-avezaath-kapel-avezaath,2025-09-24
https://www.begraafplaatsindebuurt.nl/begraafplaats/elim-drenthe-elim,2025-09-23
https://www.begraafplaatsindebuurt.nl/gemeente/kattendijke,2025-09-23
https://www.begraafplaatsindebuurt.nl/begraafplaats/lilian-habets-uitvaarten-gulpen,2025-09-23
https://www.begraafplaatsindebuurt.nl/begraafplaats/protestantse-gemeente-te-stiens-stiens,2025-09-23
https://www.begraafplaatsindebuurt.nl/begraafplaats/stichting-ghazi-uitvaartzorg-amsterdam,2025-09-23
https://www.begraafplaatsindebuurt.nl/begraafplaats/raampoort-brug-165-amsterdam,2025-09-23
https://www.begraafplaatsindebuurt.nl/gemeente/lambertschaag,2025-09-23
https://www.begraafplaatsindebuurt.nl/begraafplaats/het-katlijker-schar-ketliker-skar-natuurgebied-van-it-fryske-gea-katlijk,2025-09-23
https://www.begraafplaatsindebuurt.nl/begraafplaats/van-den-heuvel-uitvaartverzorging-uitvaarthuiys-klein-alverna-wijchen,2025-09-23
https://www.begraafplaatsindebuurt.nl/begraafplaats/doodgewoon-uitvaartzorg-amsterdam,2025-09-23
https://www.begraafplaatsindebuurt.nl/begraafplaats/hindoestaanse-uitvaart-hd-uitvaartzorg-den-haag,2025-09-23
https://www.begraafplaatsindebuurt.nl/begraafplaats/uitvaartverzorging-mooij-amstelveen,2025-09-23
https://www.begraafplaatsindebuurt.nl/gemeente/stoutenburg,2025-09-23
https://www.begraafplaatsindebuurt.nl/begraafplaats/funeral-assist-noord-holland-amsterdam,2025-09-23
https://www.begraafplaatsindebuurt.nl/begraafplaats/kerk-hemmen-hemmen,2025-09-23
https://www.begraafplaatsindebuurt.nl/begraafplaats/ine-driesprong-uitvaartzorg-westervoort,2025-09-23
https://www.begraafplaatsindebuurt.nl/begraafplaats/monuta-hoensbroek-uitvaartcentrum-hoensbroek,2025-09-23
https://www.begraafplaatsindebuurt.nl/begraafplaats/nicolaaskerk-wiuwert,2025-09-23
https://www.begraafplaatsindebuurt.nl/begraafplaats/protestantse-gemeente-easterein-easterein,2025-09-23
https://www.begraafplaatsindebuurt.nl/begraafplaats/uitvaartcentrum-t-lentfert-rijssen,2025-09-23
https://www.begraafplaatsindebuurt.nl/begraafplaats/het-baarhuisje-rotterdam,2025-09-23
https://www.begraafplaatsindebuurt.nl/begraafplaats/koetsen-nl-jacob-van-den-broek-koets-verhuur-bruiloft-en-uitvaart-nijkerk,2025-09-23
https://www.begraafplaatsindebuurt.nl/begraafplaats/calvarieberg-helmond,2025-09-23
https://www.begraafplaatsindebuurt.nl/begraafplaats/uitvaartverzorging-de-laatste-eer-assen-assen,2025-09-23
https://www.begraafplaatsindebuurt.nl/begraafplaats/klokkentoren-behorend-bij-damkerk-hoogezand,2025-09-23
https://www.begraafplaatsindebuurt.nl/begraafplaats/hommage-uitvaarten-uitvaartonderneming-eindhoven-en-omgeving-eindhoven,2025-09-23
https://www.begraafplaatsindebuurt.nl/begraafplaats/parkeerplaats-landgoed-hemmen-zetten,2025-09-23
https://www.begraafplaatsindebuurt.nl/gemeente/sinderen,2025-09-23
https://www.begraafplaatsindebuurt.nl/begraafplaats/erehof-gorredijk-gorredijk,2025-09-23
https://www.begraafplaatsindebuurt.nl/begraafplaats/monuta-lochem-uitvaartcentrum-lochem,2025-09-23
https://www.begraafplaatsindebuurt.nl/begraafplaats/je-uitvaart-zwaag,2025-09-23
https://www.begraafplaatsindebuurt.nl/begraafplaats/altforst-altforst,2025-09-23
https://www.begraafplaatsindebuurt.nl/gemeente/empe,2025-09-23
https://www.begraafplaatsindebuurt.nl/gemeente/dalmsholte,2025-09-23
https://www.begraafplaatsindebuurt.nl/begraafplaats/mor-sharbil-kerk-amsterdam,2025-09-23
https://www.begraafplaatsindebuurt.nl/begraafplaats/huisartspraktijk-storm-de-grave-den-haag,2025-09-23
https://www.begraafplaatsindebuurt.nl/gemeente/easterein,2025-09-23
https://www.begraafplaatsindebuurt.nl/begraafplaats/hervormde-gemeente-de-brug-nieuweroord-noordscheschut-locatie-nieuweroord-nieuweroord,2025-09-23
https://www.begraafplaatsindebuurt.nl/begraafplaats/heselenberg-groesbeek,2025-09-23
https://www.begraafplaatsindebuurt.nl/begraafplaats/dommel-uitvaarten-eindhoven,2025-09-23
https://www.begraafplaatsindebuurt.nl/gemeente/dronryp,2025-09-23
https://www.begraafplaatsindebuurt.nl/begraafplaats/signatuur-uitvaart-utrecht-utrecht,2025-09-23
https://www.begraafplaatsindebuurt.nl/begraafplaats/uitvaartvereniging-de-wilp-de-wilp,2025-09-23
https://www.begraafplaatsindebuurt.nl/begraafplaats/mok-uitvaartverzorging-heerlen,2025-09-23
https://www.begraafplaatsindebuurt.nl/begraafplaats/protestantse-gemeente-scherpenzeel-scherpenzeel,2025-09-23
https://www.begraafplaatsindebuurt.nl/begraafplaats/den-hollandsche-gedenktekens-elst,2025-09-23
https://www.begraafplaatsindebuurt.nl/begraafplaats/najade-uitvaarten-nijmegen,2025-09-23
https://www.begraafplaatsindebuurt.nl/begraafplaats/stichting-islamitisch-centrum-markaz-quba-amsterdam,2025-09-23
https://www.begraafplaatsindebuurt.nl/gemeente/cornjum,2025-09-23
https://www.begraafplaatsindebuurt.nl/begraafplaats/nederwaard-no-3-kinderdijk,2025-09-23
https://www.begraafplaatsindebuurt.nl/begraafplaats/stichting-beweging-3-0-st-jozef-hooglanderveen-hooglanderveen,2025-09-23
https://www.begraafplaatsindebuurt.nl/begraafplaats/uitvaartcentrum-texel-b-v-natuursteen-texel-grafmonumenten-den-burg,2025-09-23
https://www.begraafplaatsindebuurt.nl/begraafplaats/majesta-uitvaartzorg-voor-dieren-wageningen,2025-09-23
https://www.begraafplaatsindebuurt.nl/begraafplaats/oostermaet-groepskampeer-natuurterrein-okkenbroek,2025-09-23
https://www.begraafplaatsindebuurt.nl/begraafplaats/genneper-afscheidshuis-eindhoven,2025-09-23
https://www.begraafplaatsindebuurt.nl/begraafplaats/monuta-memoriam-rotterdam-crematorium-rotterdam,2025-09-23
https://www.begraafplaatsindebuurt.nl/gemeente/terschuur,2025-09-23
https://www.begraafplaatsindebuurt.nl/gemeente/nijewier,2025-09-23
https://www.begraafplaatsindebuurt.nl/begraafplaats/de-weijs-natuursteen-stadskanaal,2025-09-23
https://www.begraafplaatsindebuurt.nl/begraafplaats/allah-s-huis-voor-moslims-enschede,2025-09-23
https://www.begraafplaatsindebuurt.nl/begraafplaats/ngk-kantens-kantens,2025-09-23
https://www.begraafplaatsindebuurt.nl/begraafplaats/rouwcaravan-den-haag,2025-09-23
https://www.begraafplaatsindebuurt.nl/begraafplaats/al-firdaus-uitvaartzorg-b-v-amsterdam,2025-09-23
https://www.begraafplaatsindebuurt.nl/begraafplaats/hervormde-gemeente-kinderdijk-middelweg-dorpskerk-kinderdijk,2025-09-23
https://www.begraafplaatsindebuurt.nl/begraafplaats/boerenrockfestival-drouwenermond,2025-09-23
https://www.begraafplaatsindebuurt.nl/begraafplaats/uitvaartplanners-by-dennis-den-haag,2025-09-23
https://www.begraafplaatsindebuurt.nl/begraafplaats/lansuplant-mouton-amsterdam,2025-09-23
https://www.begraafplaatsindebuurt.nl/begraafplaats/herdenkingspark-puuroord-enschede,2025-09-23
https://www.begraafplaatsindebuurt.nl/begraafplaats/de-dames-van-amsterdam-amsterdam,2025-09-23
https://www.begraafplaatsindebuurt.nl/begraafplaats/forever-uitvaartproducten-van-plexiglas-amsterdam,2025-09-23
https://www.begraafplaatsindebuurt.nl/begraafplaats/riels-hoefke-riel,2025-09-23
https://www.begraafplaatsindebuurt.nl/begraafplaats/havenkantoor-jachthaven-havenkwartier-blauwestad-blauwestad,2025-09-23
https://www.begraafplaatsindebuurt.nl/begraafplaats/valleilaan-uitvaartzorg-leusden,2025-09-23
https://www.begraafplaatsindebuurt.nl/gemeente/greonterp,2025-09-23
https://www.begraafplaatsindebuurt.nl/begraafplaats/mieke-greveling-uitvaartbegeleiding-enschede,2025-09-23
https://www.begraafplaatsindebuurt.nl/begraafplaats/stichting-natuurgebied-de-kuilen-langenboom,2025-09-23
https://www.begraafplaatsindebuurt.nl/begraafplaats/nizam-alem-sulemaniye-camii-amsterdam,2025-09-23
https://www.begraafplaatsindebuurt.nl/begraafplaats/protestantse-kerk-it-heidenskip-it-heidenskip,2025-09-23
https://www.begraafplaatsindebuurt.nl/begraafplaats/haagse-budget-uitvaarten-den-haag,2025-09-23
https://www.begraafplaatsindebuurt.nl/begraafplaats/uitvaartcentrum-oosterhout,2025-09-23
https://www.begraafplaatsindebuurt.nl/begraafplaats/van-buuren-uitvaart-rijswijk,2025-09-23
https://www.begraafplaatsindebuurt.nl/gemeente/ugchelen,2025-09-23
https://www.begraafplaatsindebuurt.nl/gemeente/aldtsjerk,2025-09-23
https://www.begraafplaatsindebuurt.nl/gemeente/hantum,2025-09-23
https://www.begraafplaatsindebuurt.nl/begraafplaats/laurenskerk-pkn-echtenerbrug-oosterzee-echten,2025-09-23
https://www.begraafplaatsindebuurt.nl/begraafplaats/hervormde-kerk-harich,2025-09-23
https://www.begraafplaatsindebuurt.nl/begraafplaats/steehouwer-uitvaart-rotterdam,2025-09-23
https://www.begraafplaatsindebuurt.nl/begraafplaats/de-getijden-uitvaartzorg-vlissingen,2025-09-23
https://www.begraafplaatsindebuurt.nl/begraafplaats/hervormde-gemeente-te-kattendijke-kattendijke,2025-09-23
https://www.begraafplaatsindebuurt.nl/gemeente/venhorst,2025-09-23
https://www.begraafplaatsindebuurt.nl/begraafplaats/de-aarde-grashoek,2025-09-23
https://www.begraafplaatsindebuurt.nl/begraafplaats/protestantse-kerk-mildam,2025-09-23
https://www.begraafplaatsindebuurt.nl/begraafplaats/pkn-ferwert-liudgerkerk-nl,2025-09-23
https://www.begraafplaatsindebuurt.nl/begraafplaats/stalhouderij-m-bakker-leusden,2025-09-23
https://www.begraafplaatsindebuurt.nl/gemeente/ingen,2025-09-23
https://www.begraafplaatsindebuurt.nl/begraafplaats/de-nieuwe-noorder-amsterdam,2025-09-23
https://www.begraafplaatsindebuurt.nl/begraafplaats/hooglanderveen-hooglanderveen,2025-09-23
https://www.begraafplaatsindebuurt.nl/gemeente/oosterwijk,2025-09-23
https://www.begraafplaatsindebuurt.nl/begraafplaats/westerveld-terschuur,2025-09-23
https://www.begraafplaatsindebuurt.nl/begraafplaats/onze-lieve-vrouw-presentatiekerk-ommel,2025-09-23
https://www.begraafplaatsindebuurt.nl/begraafplaats/sint-jozef-geloofsgemeenschap-leusden,2025-09-23
https://www.begraafplaatsindebuurt.nl/begraafplaats/mirjam-kroeze-uitvaartbegeleiding-enschede,2025-09-23
https://www.begraafplaatsindebuurt.nl/begraafplaats/moyade-uitvaartverzorging-rotterdam,2025-09-23
https://www.begraafplaatsindebuurt.nl/begraafplaats/kloesewier-de-veenhoop,2025-09-23
https://www.begraafplaatsindebuurt.nl/begraafplaats/machabelle-zangeres-velp,2025-09-23
https://www.begraafplaatsindebuurt.nl/begraafplaats/uitvaartcentrum-elders-amsterdam,2025-09-23
https://www.begraafplaatsindebuurt.nl/begraafplaats/de-3-tankkazematten-van-de-ijssellinie-haalderen,2025-09-23
https://www.begraafplaatsindebuurt.nl/gemeente/woerdense-verlaat,2025-09-23
https://www.begraafplaatsindebuurt.nl/begraafplaats/flowermoments-by-anggrek-amsterdam,2025-09-23
https://www.begraafplaatsindebuurt.nl/begraafplaats/bowling-m-lke-zuna,2025-09-23
https://www.begraafplaatsindebuurt.nl/begraafplaats/annerveenschekanaal-annerveenschekanaal,2025-09-23
https://www.begraafplaatsindebuurt.nl/begraafplaats/uitvaartverzorging-j-henning-den-haag,2025-09-23
https://www.begraafplaatsindebuurt.nl/begraafplaats/huis-te-vraag-amsterdam,2025-09-23
https://www.begraafplaatsindebuurt.nl/begraafplaats/monuta-crematorium-terneuzen-terneuzen,2025-09-23
https://www.begraafplaatsindebuurt.nl/begraafplaats/salet-uitvaartverzorging-rotterdam,2025-09-23
https://www.begraafplaatsindebuurt.nl/gemeente/de-veenhoop,2025-09-23
https://www.begraafplaatsindebuurt.nl/gemeente/plasmolen,2025-09-23
https://www.begraafplaatsindebuurt.nl/begraafplaats/dela-slingerbos-ede,2025-09-23
https://www.begraafplaatsindebuurt.nl/gemeente/winterswijk-ratum,2025-09-23
https://www.begraafplaatsindebuurt.nl/gemeente/de-heurne,2025-09-23
https://www.begraafplaatsindebuurt.nl/gemeente/vijfhuizen,2025-09-23
https://www.begraafplaatsindebuurt.nl/begraafplaats/petruskerk-amsterdam,2025-09-23
https://www.begraafplaatsindebuurt.nl/begraafplaats/ugn-zorgdiensten-westervoort,2025-09-23
https://www.begraafplaatsindebuurt.nl/gemeente/boksum,2025-09-23
https://www.begraafplaatsindebuurt.nl/begraafplaats/fair-coffins-nijmegen,2025-09-23
https://www.begraafplaatsindebuurt.nl/begraafplaats/25-noord-recreatie-drouwenerveen,2025-09-23
https://www.begraafplaatsindebuurt.nl/begraafplaats/uitvaart-rijnmond-rotterdam,2025-09-23
https://www.begraafplaatsindebuurt.nl/begraafplaats/r-k-uitvaartvereniging-musselkanaal-en-omstreken-musselkanaal,2025-09-23
https://www.begraafplaatsindebuurt.nl/gemeente/de-weere,2025-09-23
https://www.begraafplaatsindebuurt.nl/begraafplaats/uitvaartverzorging-a-w-broekema-rotterdam,2025-09-23
https://www.begraafplaatsindebuurt.nl/gemeente/it-heidenskip,2025-09-23
https://www.begraafplaatsindebuurt.nl/begraafplaats/uitvaartzorgdiensten-b-v-leidschendam,2025-09-23
https://www.begraafplaatsindebuurt.nl/begraafplaats/regiobloemist-nl-rotterdam,2025-09-22
https://www.begraafplaatsindebuurt.nl/begraafplaats/keatsferiening-easterein-easterein,2025-09-22
https://www.begraafplaatsindebuurt.nl/begraafplaats/stichting-behoud-hervormde-kerk-zwaag-zwaag,2025-09-22
https://www.begraafplaatsindebuurt.nl/begraafplaats/protestantse-gemeente-achlum-hitzum-achlum,2025-09-22
https://www.begraafplaatsindebuurt.nl/begraafplaats/hodie-mihi-cras-tibi-uitvaartverzorging-en-begrafenisondernemer-den-haag,2025-09-22
https://www.begraafplaatsindebuurt.nl/begraafplaats/bilderdijkpark-amsterdam,2025-09-22
https://www.begraafplaatsindebuurt.nl/begraafplaats/huize-ds4-delfgauw,2025-09-22
https://www.begraafplaatsindebuurt.nl/begraafplaats/de-jong-uitvaartbegeleiding-rijswijk,2025-09-22
https://www.begraafplaatsindebuurt.nl/begraafplaats/amette-uitvaartzorg-zwaag,2025-09-22
https://www.begraafplaatsindebuurt.nl/begraafplaats/de-hoeve-huissen,2025-09-22
https://www.begraafplaatsindebuurt.nl/gemeente/winkel,2025-09-22
https://www.begraafplaatsindebuurt.nl/begraafplaats/pc-uitvaart-amsterdam,2025-09-22
https://www.begraafplaatsindebuurt.nl/begraafplaats/funeral-quest-amsterdam,2025-09-22
https://www.begraafplaatsindebuurt.nl/gemeente/deinum,2025-09-22
https://www.begraafplaatsindebuurt.nl/begraafplaats/vakantiepark-en-glamping-m-lke-slow-living-a-d-regge-zuna,2025-09-22
https://www.begraafplaatsindebuurt.nl/begraafplaats/maarhof-delfzijl,2025-09-22
https://www.begraafplaatsindebuurt.nl/begraafplaats/residence-rhenen-elst,2025-09-22
https://www.begraafplaatsindebuurt.nl/begraafplaats/hanhart-graaftechnieken-andelst,2025-09-22
https://www.begraafplaatsindebuurt.nl/gemeente/hijken,2025-09-22
https://www.begraafplaatsindebuurt.nl/begraafplaats/uniq-uitvaartzorg-enschede,2025-09-22
https://www.begraafplaatsindebuurt.nl/begraafplaats/bergsma-easterein-easterein,2025-09-22
https://www.begraafplaatsindebuurt.nl/begraafplaats/het-monument-verzetsgroep-amsterdam,2025-09-22
https://www.begraafplaatsindebuurt.nl/type/joodse-begraafplaats,2025-09-22
https://www.begraafplaatsindebuurt.nl/begraafplaats/bibin-utrecht,2025-09-22
https://www.begraafplaatsindebuurt.nl/gemeente/hauwert,2025-09-22
https://www.begraafplaatsindebuurt.nl/begraafplaats/papilionem-uitvaartverzorging-noardburgum,2025-09-22
https://www.begraafplaatsindebuurt.nl/begraafplaats/hofstad-uitvaartzorg-den-haag-den-haag,2025-09-22
https://www.begraafplaatsindebuurt.nl/begraafplaats/buiksloterkerk-amsterdam,2025-09-22
https://www.begraafplaatsindebuurt.nl/begraafplaats/dela-arenapoort-afscheidslocatie-en-uitvaartcentrum-in-amsterdam-amsterdam,2025-09-22
https://www.begraafplaatsindebuurt.nl/gemeente/goenga,2025-09-22
https://www.begraafplaatsindebuurt.nl/begraafplaats/beth-haim-ouderkerk-aan-de-amstel,2025-09-22
https://www.begraafplaatsindebuurt.nl/begraafplaats/uitvaartverzorging-jos-buitelaar-eindhoven,2025-09-22
https://www.begraafplaatsindebuurt.nl/begraafplaats/slotakkoord-uitvaartbegeleiding-den-haag,2025-09-22
https://www.begraafplaatsindebuurt.nl/gemeente/hoornsterzwaag,2025-09-22
https://www.begraafplaatsindebuurt.nl/begraafplaats/geannet-nieboer-uitvaartbegeleiding-utrecht,2025-09-22
https://www.begraafplaatsindebuurt.nl/begraafplaats/gereformeerde-kerk-woerdens-verlaat-woerdense-verlaat,2025-09-22
https://www.begraafplaatsindebuurt.nl/begraafplaats/parking-kruisstraat-utrecht,2025-09-22
https://www.begraafplaatsindebuurt.nl/gemeente/leimuiden,2025-09-22
https://www.begraafplaatsindebuurt.nl/gemeente/kerk-avezaath,2025-09-22
https://www.begraafplaatsindebuurt.nl/begraafplaats/christelijke-gereformeerde-kerk-opperdoes-opperdoes,2025-09-22
https://www.begraafplaatsindebuurt.nl/begraafplaats/bureau-funeraire-adviezen-amsterdam,2025-09-22
https://www.begraafplaatsindebuurt.nl/begraafplaats/nieuw-eykenduinen-den-haag,2025-09-22
https://www.begraafplaatsindebuurt.nl/begraafplaats/hervormde-kerk-oostrum-eastrum,2025-09-22
https://www.begraafplaatsindebuurt.nl/gemeente/kootwijkerbroek,2025-09-22
https://www.begraafplaatsindebuurt.nl/gemeente/achlum,2025-09-22
https://www.begraafplaatsindebuurt.nl/begraafplaats/hervormde-kerk-niawier-nijewier,2025-09-22
https://www.begraafplaatsindebuurt.nl/gemeente/'t-harde,2025-09-22
https://www.begraafplaatsindebuurt.nl/begraafplaats/stoppelenburg-uitvaartverzorging-linquenda-schoonhoven,2025-09-22
https://www.begraafplaatsindebuurt.nl/begraafplaats/unigra-amsterdam,2025-09-22
https://www.begraafplaatsindebuurt.nl/gemeente/rietmolen,2025-09-22
https://www.begraafplaatsindebuurt.nl/begraafplaats/uitvaartcentrum-t-veenhuys-nootdorp,2025-09-22
https://www.begraafplaatsindebuurt.nl/begraafplaats/uitvaartstudio-berg-en-terblijt-berg-en-terblijt,2025-09-22
https://www.begraafplaatsindebuurt.nl/begraafplaats/grafsteenwinkel-goes-goes,2025-09-22
https://www.begraafplaatsindebuurt.nl/gemeente/woudsend,2025-09-22
https://www.begraafplaatsindebuurt.nl/begraafplaats/hervormde-kerk-vorchten-vorchten,2025-09-22
https://www.begraafplaatsindebuurt.nl/begraafplaats/moskee-el-fath-utrecht,2025-09-22
https://www.begraafplaatsindebuurt.nl/begraafplaats/uitvaart-mediapartners-utrecht,2025-09-22
https://www.begraafplaatsindebuurt.nl/gemeente/de-bult,2025-09-22
https://www.begraafplaatsindebuurt.nl/begraafplaats/uitvaartzorg-jasmijn-arnhem,2025-09-22
https://www.begraafplaatsindebuurt.nl/begraafplaats/afscheidshuis-de-vlindertuin-uitvaartzorg-den-helder,2025-09-21
https://www.begraafplaatsindebuurt.nl/begraafplaats/keizersgrachtkerk-amsterdam,2025-09-21
https://www.begraafplaatsindebuurt.nl/begraafplaats/uitvaartverzorging-hess-b-v-rotterdam,2025-09-21
https://www.begraafplaatsindebuurt.nl/begraafplaats/oorlogsmonument-hoenderloo-hoenderloo,2025-09-21
https://www.begraafplaatsindebuurt.nl/gemeente/kwintsheul,2025-09-21
https://www.begraafplaatsindebuurt.nl/begraafplaats/uitvaartzorg-boerhaave-groningen,2025-09-21
https://www.begraafplaatsindebuurt.nl/begraafplaats/funiwork-b-v-nijmegen,2025-09-21
https://www.begraafplaatsindebuurt.nl/begraafplaats/algemene-begraafplaats-oudelande-oudelande,2025-09-21
https://www.begraafplaatsindebuurt.nl/begraafplaats/uitvaartwade-duiven,2025-09-21
https://www.begraafplaatsindebuurt.nl/begraafplaats/good-goan-uitvaartverzorging-enschede,2025-09-21
https://www.begraafplaatsindebuurt.nl/begraafplaats/zorgvlied,2025-09-21
https://www.begraafplaatsindebuurt.nl/gemeente/hiaure,2025-09-21
https://www.begraafplaatsindebuurt.nl/begraafplaats/dalmsholte-dalmsholte,2025-09-21
https://www.begraafplaatsindebuurt.nl/begraafplaats/veluwehof-natuursteen-voorthuizen,2025-09-21
https://www.begraafplaatsindebuurt.nl/gemeente/heiligerlee,2025-09-21
https://www.begraafplaatsindebuurt.nl/begraafplaats/uitvaartverzorging-agterberg-ename-uitvaartzorg-utrecht,2025-09-21
https://www.begraafplaatsindebuurt.nl/begraafplaats/zorgboerderij-pensionstal-en-stichting-huifbedrijden-donkhorst-haghorst,2025-09-21
https://www.begraafplaatsindebuurt.nl/begraafplaats/afscheidshuis-de-liemers-duiven,2025-09-21
https://www.begraafplaatsindebuurt.nl/begraafplaats/vouersveld-geleen,2025-09-21
https://www.begraafplaatsindebuurt.nl/begraafplaats/de-zwaan-uitvaarten-utrecht,2025-09-21
https://www.begraafplaatsindebuurt.nl/begraafplaats/terra-nova-uitvaartverzorging-utrecht,2025-09-21
https://www.begraafplaatsindebuurt.nl/begraafplaats/uitvaart24-amsterdam,2025-09-21
https://www.begraafplaatsindebuurt.nl/begraafplaats/hervormde-kerk-anjum-eanjum,2025-09-21
https://www.begraafplaatsindebuurt.nl/gemeente/oudeschip,2025-09-21
https://www.begraafplaatsindebuurt.nl/begraafplaats/bas-poelstra-uitvaarten-utrecht,2025-09-21
https://www.begraafplaatsindebuurt.nl/begraafplaats/meijer-en-ten-hove-uitvaartverzorgers-nijmegen,2025-09-21
https://www.begraafplaatsindebuurt.nl/begraafplaats/amstel-boathouse-amsterdam,2025-09-21
https://www.begraafplaatsindebuurt.nl/begraafplaats/uitvaartcentrum-someren-asten-someren,2025-09-21
https://www.begraafplaatsindebuurt.nl/begraafplaats/dela-leijsenakkers-uitvaartcentrum-in-oosterhout-oosterhout,2025-09-21
https://www.begraafplaatsindebuurt.nl/begraafplaats/monuta-ommoord-rotterdam-uitvaartcentrum-rotterdam,2025-09-21
https://www.begraafplaatsindebuurt.nl/begraafplaats/gereformeerde-kerk-lioessens-ljussens,2025-09-21
https://www.begraafplaatsindebuurt.nl/begraafplaats/pkn-elim-elim,2025-09-21
https://www.begraafplaatsindebuurt.nl/gemeente/hoogwoud,2025-09-21
https://www.begraafplaatsindebuurt.nl/begraafplaats/buurthuis-bonte-kraai-amsterdam,2025-09-21
https://www.begraafplaatsindebuurt.nl/begraafplaats/varvik-uitvaartzorg-enschede,2025-09-21
https://www.begraafplaatsindebuurt.nl/begraafplaats/stichting-het-lijndensche-fonds-voor-kerk-en-zending-hemmen,2025-09-21
https://www.begraafplaatsindebuurt.nl/begraafplaats/uitvaartcentrum-en-begraafplaats-ijsselmonde-rotterdam,2025-09-21
https://www.begraafplaatsindebuurt.nl/begraafplaats/ab-texel-special-transport-eastermar,2025-09-21
https://www.begraafplaatsindebuurt.nl/begraafplaats/hoeve-wielrevelt-natuurmonumenten-utrecht,2025-09-21
https://www.begraafplaatsindebuurt.nl/begraafplaats/st-urbanuskerk-van-bovenkerk-amstelveen,2025-09-21
https://www.begraafplaatsindebuurt.nl/begraafplaats/basic-uitvaart-enkhuizen-amsterdam,2025-09-21
https://www.begraafplaatsindebuurt.nl/begraafplaats/de-lelie-uitvaartverzorging-lobith,2025-09-21
https://www.begraafplaatsindebuurt.nl/begraafplaats/natuurgebied-de-wolvetinte-it-heidenskip,2025-09-21
https://www.begraafplaatsindebuurt.nl/begraafplaats/herdenkingspark-westgaarde-amsterdam,2025-09-21
https://www.begraafplaatsindebuurt.nl/begraafplaats/h-bonifatius-rijswijk-rijswijk,2025-09-20
https://www.begraafplaatsindebuurt.nl/begraafplaats/installatiebedrijf-kerkhof-pittens-b-v-nistelrode,2025-09-20
https://www.begraafplaatsindebuurt.nl/begraafplaats/riel-dorpstraat-riel,2025-09-20
https://www.begraafplaatsindebuurt.nl/gemeente/paterswolde,2025-09-20
https://www.begraafplaatsindebuurt.nl/begraafplaats/dierenuitvaarthuis-amsterdam-zuid-amsterdam,2025-09-20
https://www.begraafplaatsindebuurt.nl/begraafplaats/uitvaartkantoor-erasmus-uitvaart-rotterdam,2025-09-20
https://www.begraafplaatsindebuurt.nl/begraafplaats/stijl-en-traditie-den-haag,2025-09-20
https://www.begraafplaatsindebuurt.nl/begraafplaats/hervormde-gemeente-kinderdijk-middelweg-rehobothkerk-nieuw-lekkerland,2025-09-20
https://www.begraafplaatsindebuurt.nl/begraafplaats/cvu-uitvaartzorg-rotterdam,2025-09-20
https://www.begraafplaatsindebuurt.nl/gemeente/hengstdijk,2025-09-20
https://www.begraafplaatsindebuurt.nl/begraafplaats/sint-stephanuskerk-bornerbroek,2025-09-20
https://www.begraafplaatsindebuurt.nl/gemeente/schardam,2025-09-20
https://www.begraafplaatsindebuurt.nl/begraafplaats/hoeve-wielrevelt-restaurant-utrecht,2025-09-20
https://www.begraafplaatsindebuurt.nl/begraafplaats/st-johannes-de-doper-standdaarbuiten,2025-09-20
https://www.begraafplaatsindebuurt.nl/begraafplaats/de-uitvaartkoning-oosterhout,2025-09-20
https://www.begraafplaatsindebuurt.nl/begraafplaats/heinen-jansen-utrecht,2025-09-20
https://www.begraafplaatsindebuurt.nl/begraafplaats/protestantse-gemeente-van-boornbergum-kortehemmen-kortehemmen,2025-09-20
https://www.begraafplaatsindebuurt.nl/begraafplaats/rouwcentrum-alexander-rotterdam,2025-09-20
https://www.begraafplaatsindebuurt.nl/begraafplaats/hunebed-d27-borger,2025-09-20
https://www.begraafplaatsindebuurt.nl/begraafplaats/de-uitvaart-live-ede,2025-09-20
https://www.begraafplaatsindebuurt.nl/begraafplaats/erasmus-uitvaart-rotterdam,2025-09-20
https://www.begraafplaatsindebuurt.nl/begraafplaats/resten-kasteel-saterslo-saasveld,2025-09-20
https://www.begraafplaatsindebuurt.nl/begraafplaats/uitvaartscore-utrecht,2025-09-20
https://www.begraafplaatsindebuurt.nl/begraafplaats/uitvaartverzorging-amsterdam-amsterdam,2025-09-20
https://www.begraafplaatsindebuurt.nl/begraafplaats/gereformeerde-kerk-geesteren,2025-09-20
https://www.begraafplaatsindebuurt.nl/begraafplaats/monique-bankras-uitvaartbegeleiding-de-weere,2025-09-20
https://www.begraafplaatsindebuurt.nl/begraafplaats/duijster-uitvaart-dienstverlening-veen,2025-09-20
https://www.begraafplaatsindebuurt.nl/begraafplaats/veerkracht-uitvaarten-amsterdam,2025-09-20
https://www.begraafplaatsindebuurt.nl/begraafplaats/atropos-uitvaartverzorging-den-haag,2025-09-20
https://www.begraafplaatsindebuurt.nl/begraafplaats/hof-uitvaart-zorg-enschede,2025-09-20
https://www.begraafplaatsindebuurt.nl/gemeente/glimmen,2025-09-20
https://www.begraafplaatsindebuurt.nl/gemeente/annerveenschekanaal,2025-09-20
https://www.begraafplaatsindebuurt.nl/begraafplaats/amsterdam-flowers-flower-shop-flower-delivery-amsterdam,2025-09-20
https://www.begraafplaatsindebuurt.nl/begraafplaats/vuren-vuren,2025-09-20
https://www.begraafplaatsindebuurt.nl/begraafplaats/landgoed-de-hoevens-alphen,2025-09-20
https://www.begraafplaatsindebuurt.nl/gemeente/driehuizen,2025-09-20
https://www.begraafplaatsindebuurt.nl/begraafplaats/els-uitvaartbegeleiding-enschede,2025-09-20
https://www.begraafplaatsindebuurt.nl/gemeente/hoornaar,2025-09-20
https://www.begraafplaatsindebuurt.nl/gemeente/jisp,2025-09-20
https://www.begraafplaatsindebuurt.nl/begraafplaats/ben-van-den-bosch-v-o-f-tricht,2025-09-20
https://www.begraafplaatsindebuurt.nl/begraafplaats/parkeerplaats-de-nieuwe-ooster-amsterdam,2025-09-20
https://www.begraafplaatsindebuurt.nl/begraafplaats/vormgeven-en-voorgaan-ritueelbegeleiding-utrecht,2025-09-20
https://www.begraafplaatsindebuurt.nl/begraafplaats/moskee-arrahman-amsterdam,2025-09-20
https://www.begraafplaatsindebuurt.nl/begraafplaats/classic-rouwvervoer-service-amsterdam,2025-09-20
https://www.begraafplaatsindebuurt.nl/begraafplaats/hervormde-kerk-hoornaar,2025-09-20
https://www.begraafplaatsindebuurt.nl/begraafplaats/dela-regio-amsterdam-amsterdam,2025-09-20
https://www.begraafplaatsindebuurt.nl/begraafplaats/uitvaartbloemist-kamp-oosterhout,2025-09-20
https://www.begraafplaatsindebuurt.nl/begraafplaats/stichting-raamvallei-langenboom,2025-09-20
https://www.begraafplaatsindebuurt.nl/begraafplaats/protestantse-kerk-losser-losser,2025-09-20
https://www.begraafplaatsindebuurt.nl/gemeente/neerijnen,2025-09-20
https://www.begraafplaatsindebuurt.nl/begraafplaats/de-buurthucht-overberg,2025-09-20
https://www.begraafplaatsindebuurt.nl/begraafplaats/dierenuitvaartcentrum-parkstad-heerlen-heerlen,2025-09-20
https://www.begraafplaatsindebuurt.nl/begraafplaats/bp-kerkhof-zn-den-haag,2025-09-20
https://www.begraafplaatsindebuurt.nl/begraafplaats/monuta-ede-uitvaartcentrum-ede,2025-09-20
https://www.begraafplaatsindebuurt.nl/gemeente/riel,2025-09-20
https://www.begraafplaatsindebuurt.nl/begraafplaats/alg-begr-pl-houten-houten,2025-09-20
https://www.begraafplaatsindebuurt.nl/gemeente/dijken,2025-09-20
https://www.begraafplaatsindebuurt.nl/gemeente/goingarijp,2025-09-20
https://www.begraafplaatsindebuurt.nl/begraafplaats/el-mouhssininne-amsterdam,2025-09-20
https://www.begraafplaatsindebuurt.nl/gemeente/stad-aan-'t-haringvliet,2025-09-20
https://www.begraafplaatsindebuurt.nl/begraafplaats/caf-restaurant-jan-ter-voert-b-v-megchelen,2025-09-20
https://www.begraafplaatsindebuurt.nl/gemeente/eerbeek,2025-09-19
https://www.begraafplaatsindebuurt.nl/begraafplaats/monuta-begraafplaats-rustoord-nijmegen,2025-09-19
https://www.begraafplaatsindebuurt.nl/begraafplaats/kasteel-neerijnen-neerijnen,2025-09-19
https://www.begraafplaatsindebuurt.nl/begraafplaats/rouwservice-nederland-amsterdam,2025-09-19
https://www.begraafplaatsindebuurt.nl/type/islamitische-begraafplaats,2025-09-19
https://www.begraafplaatsindebuurt.nl/begraafplaats/sandra-boorsma-uitvaartbegeleiding-zwaag,2025-09-19
https://www.begraafplaatsindebuurt.nl/begraafplaats/bloemen-bezorgen-rotterdam-rotterdam,2025-09-19
https://www.begraafplaatsindebuurt.nl/gemeente/hegelsom,2025-09-19
https://www.begraafplaatsindebuurt.nl/begraafplaats/zeeuwse-oase-kats,2025-09-19
https://www.begraafplaatsindebuurt.nl/begraafplaats/de-passie-uitvaartbegeleiding-begrafenisondernemer-en-begrafenisonderneming-nieuwendijk,2025-09-18
https://www.begraafplaatsindebuurt.nl/begraafplaats/uitvaartvereniging-abbekerk-lambertschaag-abbekerk,2025-09-18
https://www.begraafplaatsindebuurt.nl/begraafplaats/tienhoven-tienhoven,2025-09-18
https://www.begraafplaatsindebuurt.nl/begraafplaats/uitvaartverzekeringen-van-a-s-r-enschede,2025-09-18
https://www.begraafplaatsindebuurt.nl/begraafplaats/monuta-nijmegen-uitvaartcentrum-nijmegen,2025-09-18
https://www.begraafplaatsindebuurt.nl/begraafplaats/hilhorst-uitvaartverzorging-amsterdam,2025-09-18
https://www.begraafplaatsindebuurt.nl/begraafplaats/gereformeerde-gemeente-kortgene-kortgene,2025-09-18
https://www.begraafplaatsindebuurt.nl/begraafplaats/duinrust-katwijk-aan-zee,2025-09-18
https://www.begraafplaatsindebuurt.nl/begraafplaats/rusthof-amersfoort-leusden,2025-09-18
https://www.begraafplaatsindebuurt.nl/begraafplaats/rotterdamse-moslim-associatie-shaan-e-islam-rotterdam,2025-09-18
https://www.begraafplaatsindebuurt.nl/begraafplaats/monuta-ninaber-amstelveen,2025-09-18
https://www.begraafplaatsindebuurt.nl/begraafplaats/uitvaartzorg-van-david-utrecht,2025-09-18
https://www.begraafplaatsindebuurt.nl/begraafplaats/krimdal-bungalows-hoenderloo,2025-09-18
https://www.begraafplaatsindebuurt.nl/begraafplaats/de-weere-de-weere,2025-09-18
https://www.begraafplaatsindebuurt.nl/begraafplaats/overwaard-molen-no-5-kinderdijk,2025-09-18
https://www.begraafplaatsindebuurt.nl/begraafplaats/pcb-afscheidswinkel-nieuwegein-nieuwegein,2025-09-18
https://www.begraafplaatsindebuurt.nl/begraafplaats/stichting-europees-islamitisch-uitvaartfonds-amsterdam,2025-09-18
https://www.begraafplaatsindebuurt.nl/begraafplaats/schoterhof-nieuweschoot,2025-09-18
https://www.begraafplaatsindebuurt.nl/begraafplaats/begrafenis-en-cremat-verzorg-ouwerkerk-b-v-utrecht,2025-09-18
https://www.begraafplaatsindebuurt.nl/gemeente/de-hoef,2025-09-18
https://www.begraafplaatsindebuurt.nl/begraafplaats/hervormde-kerk-gerkesklooster-gerkesklooster,2025-09-18
https://www.begraafplaatsindebuurt.nl/begraafplaats/steenhouwerij-ottenhof-enschede,2025-09-18
https://www.begraafplaatsindebuurt.nl/begraafplaats/haaghove-beuningen,2025-09-18
https://www.begraafplaatsindebuurt.nl/begraafplaats/caroline-doornbos-enschede,2025-09-18
https://www.begraafplaatsindebuurt.nl/begraafplaats/horstenhof-aduard,2025-09-18
https://www.begraafplaatsindebuurt.nl/gemeente/westendorp,2025-09-18
https://www.begraafplaatsindebuurt.nl/gemeente/'t-zand,2025-09-18
https://www.begraafplaatsindebuurt.nl/begraafplaats/begrafenisonderneming-de-jongh-bv-waardenburg,2025-09-18
https://www.begraafplaatsindebuurt.nl/begraafplaats/hervormde-kerk-hantum-hantum,2025-09-18
https://www.begraafplaatsindebuurt.nl/begraafplaats/cornelissen-uitvaartverzorging-elst,2025-09-18
https://www.begraafplaatsindebuurt.nl/begraafplaats/q-park-amsterdamse-poort-p22-amsterdam,2025-09-18
https://www.begraafplaatsindebuurt.nl/begraafplaats/lichtenbelt-leuvenheim,2025-09-18
https://www.begraafplaatsindebuurt.nl/begraafplaats/dierenuitvaartcentrum-rotterdam-rotterdam,2025-09-18
https://www.begraafplaatsindebuurt.nl/begraafplaats/ted-s-bloemen-amsterdam,2025-09-18
https://www.begraafplaatsindebuurt.nl/begraafplaats/afscheidshuis-amsterdam-amsterdam,2025-09-18
https://www.begraafplaatsindebuurt.nl/begraafplaats/hoogenberg-wegerif-apeldoorn-apeldoorn,2025-09-18
https://www.begraafplaatsindebuurt.nl/begraafplaats/islamitische-uitvaart-europa-uitvaart-errahma-rotterdam,2025-09-18
https://www.begraafplaatsindebuurt.nl/begraafplaats/uitvaartkistspecialist-veen,2025-09-18
https://www.begraafplaatsindebuurt.nl/begraafplaats/ferentes-draagt-bij-utrecht,2025-09-18
https://www.begraafplaatsindebuurt.nl/begraafplaats/landgoed-waardenburg-en-neerijnen-waardenburg,2025-09-18
https://www.begraafplaatsindebuurt.nl/begraafplaats/hotel-restaurant-keizersberg-elsendorp,2025-09-18
https://www.begraafplaatsindebuurt.nl/begraafplaats/oorlogsmonument-middelaar-plasmolen,2025-09-18
https://www.begraafplaatsindebuurt.nl/begraafplaats/d-olde-karke-echten-echten,2025-09-18
https://www.begraafplaatsindebuurt.nl/begraafplaats/vredehof-uitvaartverzorging-uitvaarthuis-glanerbrug-enschede,2025-09-18
https://www.begraafplaatsindebuurt.nl/begraafplaats/francien-weber-uitvaartzorg-finsterwolde,2025-09-18
https://www.begraafplaatsindebuurt.nl/gemeente/aerdenhout,2025-09-18
https://www.begraafplaatsindebuurt.nl/gemeente/dearsum,2025-09-18
https://www.begraafplaatsindebuurt.nl/begraafplaats/hunebed-d30-ees,2025-09-18
https://www.begraafplaatsindebuurt.nl/gemeente/leur,2025-09-18
https://www.begraafplaatsindebuurt.nl/begraafplaats/veluwe-camping-de-pampel-hoenderloo,2025-09-18
https://www.begraafplaatsindebuurt.nl/begraafplaats/kerk-van-durgerdam-amsterdam,2025-09-18
https://www.begraafplaatsindebuurt.nl/begraafplaats/uitvaartzorg-de-schelde-begeleiden-van-begrafenis-crematie-herdenking-goes,2025-09-18
https://www.begraafplaatsindebuurt.nl/begraafplaats/eindhoven-eindhoven,2025-09-18
https://www.begraafplaatsindebuurt.nl/begraafplaats/wetsens-wetsens,2025-09-17
https://www.begraafplaatsindebuurt.nl/begraafplaats/de-ringh-de-vries-uitvaartservice-zwaag,2025-09-17
https://www.begraafplaatsindebuurt.nl/gemeente/ommel,2025-09-17
https://www.begraafplaatsindebuurt.nl/begraafplaats/hervormde-gemeente-nieuwer-ter-aa-nieuwer-ter-aa,2025-09-17
https://www.begraafplaatsindebuurt.nl/begraafplaats/dsb-groenbedrijf-den-haag-den-haag,2025-09-17
https://www.begraafplaatsindebuurt.nl/begraafplaats/steehouwer-rotterdam,2025-09-17
https://www.begraafplaatsindebuurt.nl/begraafplaats/velp-binckhof-velp,2025-09-17
https://www.begraafplaatsindebuurt.nl/begraafplaats/uitvaartenzo-den-haag,2025-09-17
https://www.begraafplaatsindebuurt.nl/gemeente/haghorst,2025-09-17
https://www.begraafplaatsindebuurt.nl/begraafplaats/wille-landschapsarchitectuur-culemborg,2025-09-17
https://www.begraafplaatsindebuurt.nl/begraafplaats/yau-uitvaart-den-haag,2025-09-17
https://www.begraafplaatsindebuurt.nl/begraafplaats/sandfirden-sandfirden,2025-09-17
https://www.begraafplaatsindebuurt.nl/begraafplaats/aaldering-kerstboom-verkoop-groessen-groessen,2025-09-17
https://www.begraafplaatsindebuurt.nl/gemeente/bornerbroek,2025-09-17
https://www.begraafplaatsindebuurt.nl/begraafplaats/poederoijen-poederoijen,2025-09-17
https://www.begraafplaatsindebuurt.nl/begraafplaats/de-leybron-riel-riel,2025-09-17
https://www.begraafplaatsindebuurt.nl/begraafplaats/agatha-capel-kapel-avezaath,2025-09-16
https://www.begraafplaatsindebuurt.nl/begraafplaats/dgk-assen-e-o-bovensmilde,2025-09-16
https://www.begraafplaatsindebuurt.nl/begraafplaats/landal-miggelenberg-hoenderloo,2025-09-16
https://www.begraafplaatsindebuurt.nl/begraafplaats/de-duif-amsterdam,2025-09-15
https://www.begraafplaatsindebuurt.nl/gemeente/buitenkaag,2025-09-15
https://www.begraafplaatsindebuurt.nl/begraafplaats/uitvaart-utrecht-jerry-hooghiemstra-afscheid-en-uitvaart-utrecht,2025-09-13
https://www.begraafplaatsindebuurt.nl/begraafplaats/sieto-de-vos-uitvaarten-amsterdam,2025-09-13
https://www.begraafplaatsindebuurt.nl/begraafplaats/landwinkel-oude-stoof-hengstdijk,2025-09-13
https://www.begraafplaatsindebuurt.nl/gemeente/lellens,2025-09-11
https://www.begraafplaatsindebuurt.nl/begraafplaats/jacobshof-deurne,2025-09-07
https://www.begraafplaatsindebuurt.nl/begraafplaats/polski-cmentarz-wojenny-1-dpanc-oosterhout,2025-09-01
https://www.begraafplaatsindebuurt.nl/begraafplaats/test-gameren,2025-08-25
https://www.begraafplaatsindebuurt.nl/begraafplaats/un-sani-amsterdam,2025-08-19
https://www.begraafplaatsindebuurt.nl/provincie/onbekend,2025-08-19
https://www.begraafplaatsindebuurt.nl/begraafplaats/landelijke-parochie-binnenvaart-circus-en-kermisexploitanten-nijmegen,2025-08-19
https://www.begraafplaatsindebuurt.nl/begraafplaats/caresz-uitvaartzorg-delft-delfgauw-delfgauw,2025-08-18
https://www.begraafplaatsindebuurt.nl/begraafplaats/islamitische-uitvaart-utrecht-tweede-vestiging-qadr-utrecht,2025-08-17
https://www.begraafplaatsindebuurt.nl/begraafplaats/kasteeltuin-neerijnen-neerijnen,2025-08-16
https://www.begraafplaatsindebuurt.nl/gemeente/buggenum,2025-08-15
https://www.begraafplaatsindebuurt.nl/begraafplaats/stichting-moskee-alhussein-assen,2025-08-14
https://www.begraafplaatsindebuurt.nl/gemeente/aartswoud,2025-08-14
https://www.begraafplaatsindebuurt.nl/begraafplaats/cuvo-uitvaartzorg-den-haag,2025-08-13
https://www.begraafplaatsindebuurt.nl/begraafplaats/p-parkeerplaats-hofwijk-rotterdam,2025-08-13
https://www.begraafplaatsindebuurt.nl/gemeente/biddinghuizen,2025-08-13
https://www.begraafplaatsindebuurt.nl/gemeente/vierakker,2025-08-13
https://www.begraafplaatsindebuurt.nl/gemeente/gaastmeer,2025-08-10
https://www.begraafplaatsindebuurt.nl/begraafplaats/dela-nieuw-eykenduynen-afscheidslocatie-uitvaartcentrum-en-begraafplaats-in-den-haag-den-haag,2025-08-04
https://www.begraafplaatsindebuurt.nl/begraafplaats/sint-vituskerk-stiens,2025-08-04
https://www.begraafplaatsindebuurt.nl/begraafplaats/prinsenpark-rotterdam,2025-08-04
https://www.begraafplaatsindebuurt.nl/begraafplaats/uri-l-uitvaart-zorg-amsterdam,2025-08-04
https://www.begraafplaatsindebuurt.nl/begraafplaats/ename-uitvaartzorg-amsterdam,2025-08-04
https://www.begraafplaatsindebuurt.nl/begraafplaats/uitvaartbloemist-rotterdam-meerwaarde-zonder-meerprijs-rotterdam,2025-08-04
https://www.begraafplaatsindebuurt.nl/begraafplaats/stichting-karma-deleg-ch-phel-ling-tibetaans-boeddhistisch-studie-en-meditatie-centrum-hantum,2025-08-04
https://www.begraafplaatsindebuurt.nl/begraafplaats/autobedrijf-wouda-gerkesklooster,2025-08-04
https://www.begraafplaatsindebuurt.nl/begraafplaats/gemeentewerf-fogostraat-amsterdam,2025-08-04
https://www.begraafplaatsindebuurt.nl/begraafplaats/uitvaart-buddy-zwaag,2025-08-04
https://www.begraafplaatsindebuurt.nl/begraafplaats/ereveld-geallieerden-ww2-amsterdam,2025-08-04
https://www.begraafplaatsindebuurt.nl/begraafplaats/islamitische-uitvaartzorg-al-qadr-hoofdkantoor-utrecht,2025-08-04
https://www.begraafplaatsindebuurt.nl/gemeente/boornzwaag,2025-08-04
https://www.begraafplaatsindebuurt.nl/begraafplaats/monica-zeegers-uitvaartverzorging-overasselt,2025-08-03
https://www.begraafplaatsindebuurt.nl/begraafplaats/monument-h-f-wakeman-de-klomp,2025-08-03
https://www.begraafplaatsindebuurt.nl/begraafplaats/uitvaart-groep-nederland-westervoort,2025-08-03
https://www.begraafplaatsindebuurt.nl/gemeente/wiuwert,2025-08-03
https://www.begraafplaatsindebuurt.nl/begraafplaats/rip-tim-schaijk,2025-08-03
https://www.begraafplaatsindebuurt.nl/begraafplaats/eckart-eindhoven,2025-08-02
https://www.begraafplaatsindebuurt.nl/begraafplaats/uitvaartcentrum-de-nieuwe-ooster-amsterdam,2025-08-02
https://www.begraafplaatsindebuurt.nl/gemeente/dongjum,2025-08-02
https://www.begraafplaatsindebuurt.nl/begraafplaats/protestantse-gemeente-dronrijp-e-o-dronryp,2025-07-31
https://www.begraafplaatsindebuurt.nl/begraafplaats/protestantse-gemeente-van-noardburgum-noardburgum,2025-07-29
https://www.begraafplaatsindebuurt.nl/begraafplaats/hommage-uitvaarten-uitvaartonderneming-helmond-en-omgeving-helmond,2025-07-29
https://www.begraafplaatsindebuurt.nl/begraafplaats/goedkope-uitvaart-wassenaar-amsterdam,2025-07-27
https://www.begraafplaatsindebuurt.nl/begraafplaats/h-nicolaas-kerk-haps,2025-07-17
https://www.begraafplaatsindebuurt.nl/begraafplaats/rouwcentrum-de-wolfsbergen-emmen,2025-07-10
https://www.begraafplaatsindebuurt.nl/begraafplaats/hoogwoud-hoogwoud,2025-07-06
https://www.begraafplaatsindebuurt.nl/begraafplaats/loonbedrijf-yn-ge-wikkel-it-heidenskip-it-heidenskip,2025-07-05
https://www.begraafplaatsindebuurt.nl/gemeente/julianadorp,2025-07-01